-- Export utilisateurs RocketThemAll
-- Généré le 2026-05-04T18:23:46.602Z
-- 9 utilisateur(s)

BEGIN;

INSERT INTO "User" ("id", "discordId", "username", "avatarUrl", "isAdmin", "level", "xp", "credits", "fragments", "lastManualSpawnAt", "spawnCharges", "lastSpawnChargeRegenAt", "lastDailyRewardAt", "createdAt") VALUES ('36c6b2b9-2a96-41a3-bce2-82f5e8f826b1', '1016455756180115579', 'maximoute', 'https://cdn.discordapp.com/avatars/1016455756180115579/7bec92f50dc331fafcbb320cf9253ef6.webp', TRUE, 5, 789, 1209, 97, '2026-05-01T18:25:16.039Z', 3, '2026-05-03T18:50:48.446Z', '2026-05-03T08:30:48.736Z', '2026-04-30T19:18:51.212Z') ON CONFLICT ("id") DO UPDATE SET "username" = EXCLUDED."username", "avatarUrl" = EXCLUDED."avatarUrl", "isAdmin" = EXCLUDED."isAdmin", "level" = EXCLUDED."level", "xp" = EXCLUDED."xp", "credits" = EXCLUDED."credits", "fragments" = EXCLUDED."fragments", "spawnCharges" = EXCLUDED."spawnCharges";
INSERT INTO "InventoryItem" ("id", "userId", "cardId", "variant", "quantity") VALUES ('93ffe4a4-c288-426b-89d8-a3de0327f3fd', '36c6b2b9-2a96-41a3-bce2-82f5e8f826b1', 'beca878a-f644-438f-a592-21766cfcba94', 'normal', 2) ON CONFLICT ("userId", "cardId", "variant") DO UPDATE SET "quantity" = EXCLUDED."quantity";
INSERT INTO "InventoryItem" ("id", "userId", "cardId", "variant", "quantity") VALUES ('15c8494f-6c2d-4e7d-b631-b1c024a5c2fc', '36c6b2b9-2a96-41a3-bce2-82f5e8f826b1', 'b56c9157-62a7-417d-9292-31d5f0f6aed5', 'normal', 1) ON CONFLICT ("userId", "cardId", "variant") DO UPDATE SET "quantity" = EXCLUDED."quantity";
INSERT INTO "InventoryItem" ("id", "userId", "cardId", "variant", "quantity") VALUES ('c080b2d4-a3a5-441c-aec1-fdfc441d2b81', '36c6b2b9-2a96-41a3-bce2-82f5e8f826b1', '2a4359ea-ad93-483b-acc5-f54cb8c9dd9f', 'normal', 1) ON CONFLICT ("userId", "cardId", "variant") DO UPDATE SET "quantity" = EXCLUDED."quantity";
INSERT INTO "InventoryItem" ("id", "userId", "cardId", "variant", "quantity") VALUES ('2a7dd4e7-6965-4da9-aa2d-9a2efc09b1b9', '36c6b2b9-2a96-41a3-bce2-82f5e8f826b1', '0b1d8170-4dde-4b16-aa31-e6b3603b487e', 'normal', 2) ON CONFLICT ("userId", "cardId", "variant") DO UPDATE SET "quantity" = EXCLUDED."quantity";
INSERT INTO "InventoryItem" ("id", "userId", "cardId", "variant", "quantity") VALUES ('49965fe6-be49-4b57-9c38-4e25fcd3388b', '36c6b2b9-2a96-41a3-bce2-82f5e8f826b1', '6f48cf8b-786b-459c-96a0-cad5d02c7559', 'normal', 1) ON CONFLICT ("userId", "cardId", "variant") DO UPDATE SET "quantity" = EXCLUDED."quantity";
INSERT INTO "InventoryItem" ("id", "userId", "cardId", "variant", "quantity") VALUES ('6c03c757-372b-42c2-9b08-f93487d27618', '36c6b2b9-2a96-41a3-bce2-82f5e8f826b1', '3d138016-07e6-4600-8ed1-b64e46754e49', 'normal', 2) ON CONFLICT ("userId", "cardId", "variant") DO UPDATE SET "quantity" = EXCLUDED."quantity";
INSERT INTO "InventoryItem" ("id", "userId", "cardId", "variant", "quantity") VALUES ('3ad19b1b-a0d9-450b-aa25-2988ee165db8', '36c6b2b9-2a96-41a3-bce2-82f5e8f826b1', 'a1229b93-c6eb-4cad-8418-8df9042ca5c5', 'normal', 2) ON CONFLICT ("userId", "cardId", "variant") DO UPDATE SET "quantity" = EXCLUDED."quantity";
INSERT INTO "InventoryItem" ("id", "userId", "cardId", "variant", "quantity") VALUES ('65af0a6d-c585-45f3-947f-881ea7ec470c', '36c6b2b9-2a96-41a3-bce2-82f5e8f826b1', 'ccc17098-bb81-4b4c-8ef6-8d2ac0551714', 'normal', 1) ON CONFLICT ("userId", "cardId", "variant") DO UPDATE SET "quantity" = EXCLUDED."quantity";
INSERT INTO "InventoryItem" ("id", "userId", "cardId", "variant", "quantity") VALUES ('ccc5c90f-2e02-4ac6-9016-9f822db2fada', '36c6b2b9-2a96-41a3-bce2-82f5e8f826b1', '373c954f-1fb8-46b5-8ce5-1cb7c31c553a', 'normal', 3) ON CONFLICT ("userId", "cardId", "variant") DO UPDATE SET "quantity" = EXCLUDED."quantity";
INSERT INTO "InventoryItem" ("id", "userId", "cardId", "variant", "quantity") VALUES ('a996c841-46c1-48e5-abab-f2e21c65242c', '36c6b2b9-2a96-41a3-bce2-82f5e8f826b1', '2d7c58c2-1b09-497a-afcb-4c0b5ae62aad', 'normal', 1) ON CONFLICT ("userId", "cardId", "variant") DO UPDATE SET "quantity" = EXCLUDED."quantity";
INSERT INTO "InventoryItem" ("id", "userId", "cardId", "variant", "quantity") VALUES ('e685373f-6130-46b4-8533-fc018b44d764', '36c6b2b9-2a96-41a3-bce2-82f5e8f826b1', '96102b6c-0bb6-42eb-baec-878c3eadd1d2', 'normal', 1) ON CONFLICT ("userId", "cardId", "variant") DO UPDATE SET "quantity" = EXCLUDED."quantity";
INSERT INTO "InventoryItem" ("id", "userId", "cardId", "variant", "quantity") VALUES ('402daf0b-93ad-4524-bc8f-cc666ce5ae0e', '36c6b2b9-2a96-41a3-bce2-82f5e8f826b1', 'e2a99a4e-946f-4761-9c16-403d13e4ef6d', 'normal', 2) ON CONFLICT ("userId", "cardId", "variant") DO UPDATE SET "quantity" = EXCLUDED."quantity";
INSERT INTO "InventoryItem" ("id", "userId", "cardId", "variant", "quantity") VALUES ('d7f0f101-b035-461b-91d4-6ec3d28d706c', '36c6b2b9-2a96-41a3-bce2-82f5e8f826b1', 'ffd9c2de-86c2-4da8-8c73-d55cb51b91c3', 'normal', 1) ON CONFLICT ("userId", "cardId", "variant") DO UPDATE SET "quantity" = EXCLUDED."quantity";
INSERT INTO "InventoryItem" ("id", "userId", "cardId", "variant", "quantity") VALUES ('c7b6a316-dedd-4e0f-b2b6-2f8dff97acd9', '36c6b2b9-2a96-41a3-bce2-82f5e8f826b1', '1f3c4c44-ac9e-4e41-8416-4bca67ebf3aa', 'normal', 2) ON CONFLICT ("userId", "cardId", "variant") DO UPDATE SET "quantity" = EXCLUDED."quantity";
INSERT INTO "InventoryItem" ("id", "userId", "cardId", "variant", "quantity") VALUES ('afa60e16-3b76-4dcc-808d-d28fb2ad8b57', '36c6b2b9-2a96-41a3-bce2-82f5e8f826b1', '8d362336-5b68-498e-a0eb-f69e0059cc0e', 'normal', 1) ON CONFLICT ("userId", "cardId", "variant") DO UPDATE SET "quantity" = EXCLUDED."quantity";
INSERT INTO "InventoryItem" ("id", "userId", "cardId", "variant", "quantity") VALUES ('73192d01-3214-47ea-972e-99bb53dab18d', '36c6b2b9-2a96-41a3-bce2-82f5e8f826b1', 'e78a2c41-9249-41b4-8042-27892f40fa76', 'normal', 1) ON CONFLICT ("userId", "cardId", "variant") DO UPDATE SET "quantity" = EXCLUDED."quantity";
INSERT INTO "InventoryItem" ("id", "userId", "cardId", "variant", "quantity") VALUES ('90cf6206-35d0-4350-9dde-7d234aac3262', '36c6b2b9-2a96-41a3-bce2-82f5e8f826b1', 'acdeeb0e-9d3a-45d6-a97a-08a197b254fd', 'normal', 1) ON CONFLICT ("userId", "cardId", "variant") DO UPDATE SET "quantity" = EXCLUDED."quantity";
INSERT INTO "InventoryItem" ("id", "userId", "cardId", "variant", "quantity") VALUES ('9bcff603-e2d7-4071-af79-e4ed010f11a5', '36c6b2b9-2a96-41a3-bce2-82f5e8f826b1', '2423fd96-3df5-4a05-959c-546219471f31', 'normal', 2) ON CONFLICT ("userId", "cardId", "variant") DO UPDATE SET "quantity" = EXCLUDED."quantity";
INSERT INTO "InventoryItem" ("id", "userId", "cardId", "variant", "quantity") VALUES ('5aff4c9b-9943-42d4-b91c-170d8d9c050c', '36c6b2b9-2a96-41a3-bce2-82f5e8f826b1', 'ed9a667b-d9dd-456c-8001-76b236f59d5c', 'normal', 1) ON CONFLICT ("userId", "cardId", "variant") DO UPDATE SET "quantity" = EXCLUDED."quantity";
INSERT INTO "InventoryItem" ("id", "userId", "cardId", "variant", "quantity") VALUES ('7ad76570-24e7-4efb-90c6-cfbd0f8382d8', '36c6b2b9-2a96-41a3-bce2-82f5e8f826b1', 'ebb41232-1d6e-4401-8842-e0d5087c488d', 'normal', 1) ON CONFLICT ("userId", "cardId", "variant") DO UPDATE SET "quantity" = EXCLUDED."quantity";
INSERT INTO "InventoryItem" ("id", "userId", "cardId", "variant", "quantity") VALUES ('6b82e5ea-2930-4319-838f-3cde80b9ce82', '36c6b2b9-2a96-41a3-bce2-82f5e8f826b1', '4ebf6b31-a7d2-4558-8a96-158d8ac09d04', 'normal', 1) ON CONFLICT ("userId", "cardId", "variant") DO UPDATE SET "quantity" = EXCLUDED."quantity";
INSERT INTO "InventoryItem" ("id", "userId", "cardId", "variant", "quantity") VALUES ('774b486f-b7d0-43b7-9d16-0871f71b0a14', '36c6b2b9-2a96-41a3-bce2-82f5e8f826b1', '284a902a-4d04-4a1d-a883-ca345e492428', 'normal', 1) ON CONFLICT ("userId", "cardId", "variant") DO UPDATE SET "quantity" = EXCLUDED."quantity";
INSERT INTO "InventoryItem" ("id", "userId", "cardId", "variant", "quantity") VALUES ('7471dfa8-9ff4-493e-b5a6-a1362c662d12', '36c6b2b9-2a96-41a3-bce2-82f5e8f826b1', '5f380145-bdec-474d-bc78-73fb3c6fe4c6', 'normal', 1) ON CONFLICT ("userId", "cardId", "variant") DO UPDATE SET "quantity" = EXCLUDED."quantity";
INSERT INTO "InventoryItem" ("id", "userId", "cardId", "variant", "quantity") VALUES ('3f4ca71b-8fbe-462c-bfca-a233791478f3', '36c6b2b9-2a96-41a3-bce2-82f5e8f826b1', '534c7c3a-6d50-438b-a555-99f46e683981', 'normal', 1) ON CONFLICT ("userId", "cardId", "variant") DO UPDATE SET "quantity" = EXCLUDED."quantity";
INSERT INTO "InventoryItem" ("id", "userId", "cardId", "variant", "quantity") VALUES ('583bb54e-b202-45e5-8b92-4adeedf6d0d8', '36c6b2b9-2a96-41a3-bce2-82f5e8f826b1', 'c339e79b-7b9c-4733-802a-6089385048c9', 'normal', 2) ON CONFLICT ("userId", "cardId", "variant") DO UPDATE SET "quantity" = EXCLUDED."quantity";
INSERT INTO "InventoryItem" ("id", "userId", "cardId", "variant", "quantity") VALUES ('bc371128-933c-44ce-88a1-1c11499f2f61', '36c6b2b9-2a96-41a3-bce2-82f5e8f826b1', 'be655116-d857-4fd0-96cc-3bc727976a74', 'normal', 1) ON CONFLICT ("userId", "cardId", "variant") DO UPDATE SET "quantity" = EXCLUDED."quantity";
INSERT INTO "InventoryItem" ("id", "userId", "cardId", "variant", "quantity") VALUES ('9bf27b69-9f6f-431d-8012-99b1a13b3067', '36c6b2b9-2a96-41a3-bce2-82f5e8f826b1', '7be298ae-90fd-4ab7-8975-e9d5997fde78', 'normal', 1) ON CONFLICT ("userId", "cardId", "variant") DO UPDATE SET "quantity" = EXCLUDED."quantity";
INSERT INTO "InventoryItem" ("id", "userId", "cardId", "variant", "quantity") VALUES ('f24b1f22-9d2d-4068-9b32-4c5bbb861d58', '36c6b2b9-2a96-41a3-bce2-82f5e8f826b1', '8d24accf-9745-479a-80d3-2ce07e166dbf', 'normal', 1) ON CONFLICT ("userId", "cardId", "variant") DO UPDATE SET "quantity" = EXCLUDED."quantity";
INSERT INTO "InventoryItem" ("id", "userId", "cardId", "variant", "quantity") VALUES ('f938c18e-56cd-4367-ad5d-09f8fe13de68', '36c6b2b9-2a96-41a3-bce2-82f5e8f826b1', 'af7ca77b-c5ce-4f07-9d19-cbd16e34a745', 'normal', 2) ON CONFLICT ("userId", "cardId", "variant") DO UPDATE SET "quantity" = EXCLUDED."quantity";
INSERT INTO "InventoryItem" ("id", "userId", "cardId", "variant", "quantity") VALUES ('48eb14db-7ae1-4229-9c7d-9519688c8a11', '36c6b2b9-2a96-41a3-bce2-82f5e8f826b1', '99c2a9a9-9d5e-475e-ba69-4a70618da406', 'normal', 1) ON CONFLICT ("userId", "cardId", "variant") DO UPDATE SET "quantity" = EXCLUDED."quantity";
INSERT INTO "InventoryItem" ("id", "userId", "cardId", "variant", "quantity") VALUES ('5fd031ca-75bc-4144-9382-6f52737f8e28', '36c6b2b9-2a96-41a3-bce2-82f5e8f826b1', '1d0abe89-d84c-4769-be67-38b98a85483e', 'normal', 2) ON CONFLICT ("userId", "cardId", "variant") DO UPDATE SET "quantity" = EXCLUDED."quantity";
INSERT INTO "InventoryItem" ("id", "userId", "cardId", "variant", "quantity") VALUES ('f3bd4d8e-e925-4d36-8f2e-b68fe991dae0', '36c6b2b9-2a96-41a3-bce2-82f5e8f826b1', '11ae39dc-1d58-4cfe-9919-be35e4c983dd', 'normal', 1) ON CONFLICT ("userId", "cardId", "variant") DO UPDATE SET "quantity" = EXCLUDED."quantity";
INSERT INTO "InventoryItem" ("id", "userId", "cardId", "variant", "quantity") VALUES ('b33f5997-3e09-4195-8bb2-8c986715408e', '36c6b2b9-2a96-41a3-bce2-82f5e8f826b1', 'ccac630c-5f0b-4662-98d1-b97454410cf0', 'normal', 2) ON CONFLICT ("userId", "cardId", "variant") DO UPDATE SET "quantity" = EXCLUDED."quantity";
INSERT INTO "InventoryItem" ("id", "userId", "cardId", "variant", "quantity") VALUES ('8f2a68ab-489b-4147-af40-5d9ca3cf2c4f', '36c6b2b9-2a96-41a3-bce2-82f5e8f826b1', 'f66c224c-7047-4416-a523-b2919b5e229b', 'normal', 1) ON CONFLICT ("userId", "cardId", "variant") DO UPDATE SET "quantity" = EXCLUDED."quantity";
INSERT INTO "InventoryItem" ("id", "userId", "cardId", "variant", "quantity") VALUES ('7a8dc014-64cc-47d1-849d-c665d060b9b5', '36c6b2b9-2a96-41a3-bce2-82f5e8f826b1', '64a00808-be91-4312-b8d4-0f3be11b1805', 'normal', 1) ON CONFLICT ("userId", "cardId", "variant") DO UPDATE SET "quantity" = EXCLUDED."quantity";
INSERT INTO "InventoryItem" ("id", "userId", "cardId", "variant", "quantity") VALUES ('225a99b5-aab6-4946-b4b8-afeeeaa4fdc1', '36c6b2b9-2a96-41a3-bce2-82f5e8f826b1', '36f5127c-f785-47f6-9c60-1ce7f92b006a', 'normal', 1) ON CONFLICT ("userId", "cardId", "variant") DO UPDATE SET "quantity" = EXCLUDED."quantity";
INSERT INTO "InventoryItem" ("id", "userId", "cardId", "variant", "quantity") VALUES ('3cf9ae63-964a-4920-bb65-a3059a8e7952', '36c6b2b9-2a96-41a3-bce2-82f5e8f826b1', '78d44e24-9b31-431c-8987-a577561afad8', 'normal', 1) ON CONFLICT ("userId", "cardId", "variant") DO UPDATE SET "quantity" = EXCLUDED."quantity";
INSERT INTO "InventoryItem" ("id", "userId", "cardId", "variant", "quantity") VALUES ('74a385e6-c37d-403e-ab66-b26f227d44df', '36c6b2b9-2a96-41a3-bce2-82f5e8f826b1', 'fa0dab3c-41a5-42cb-9378-9b633f9d6551', 'normal', 1) ON CONFLICT ("userId", "cardId", "variant") DO UPDATE SET "quantity" = EXCLUDED."quantity";
INSERT INTO "InventoryItem" ("id", "userId", "cardId", "variant", "quantity") VALUES ('24a5a542-eb7e-42b9-b3c2-d094f9b564f1', '36c6b2b9-2a96-41a3-bce2-82f5e8f826b1', 'c4c00054-1d98-4f1a-a702-760018417b68', 'normal', 1) ON CONFLICT ("userId", "cardId", "variant") DO UPDATE SET "quantity" = EXCLUDED."quantity";
INSERT INTO "InventoryItem" ("id", "userId", "cardId", "variant", "quantity") VALUES ('d1483d00-8dcf-42ce-98bc-dc61e31362fb', '36c6b2b9-2a96-41a3-bce2-82f5e8f826b1', '4bdf64ec-106b-4611-ab8a-8da2fe668151', 'normal', 1) ON CONFLICT ("userId", "cardId", "variant") DO UPDATE SET "quantity" = EXCLUDED."quantity";
INSERT INTO "InventoryItem" ("id", "userId", "cardId", "variant", "quantity") VALUES ('7b84ecc7-037d-43e9-a647-e49fdb8c5e68', '36c6b2b9-2a96-41a3-bce2-82f5e8f826b1', 'e7a0c0a2-5969-495b-ae55-25d8775d150d', 'normal', 1) ON CONFLICT ("userId", "cardId", "variant") DO UPDATE SET "quantity" = EXCLUDED."quantity";
INSERT INTO "InventoryItem" ("id", "userId", "cardId", "variant", "quantity") VALUES ('97be7ece-c4be-43a3-a6cc-c6bab8bd6afd', '36c6b2b9-2a96-41a3-bce2-82f5e8f826b1', '11ae39dc-1d58-4cfe-9919-be35e4c983dd', 'shiny', 1) ON CONFLICT ("userId", "cardId", "variant") DO UPDATE SET "quantity" = EXCLUDED."quantity";
INSERT INTO "InventoryItem" ("id", "userId", "cardId", "variant", "quantity") VALUES ('622e1c2f-f039-4c28-822b-55daaf4ef901', '36c6b2b9-2a96-41a3-bce2-82f5e8f826b1', 'bab422bd-0353-4cf7-b6ec-bf8af319f228', 'normal', 1) ON CONFLICT ("userId", "cardId", "variant") DO UPDATE SET "quantity" = EXCLUDED."quantity";
INSERT INTO "InventoryItem" ("id", "userId", "cardId", "variant", "quantity") VALUES ('344f698c-67e2-4d5f-8fd1-20e543021689', '36c6b2b9-2a96-41a3-bce2-82f5e8f826b1', 'bfe98ed4-791c-4746-b0f5-93ee24e6137c', 'normal', 1) ON CONFLICT ("userId", "cardId", "variant") DO UPDATE SET "quantity" = EXCLUDED."quantity";
INSERT INTO "InventoryItem" ("id", "userId", "cardId", "variant", "quantity") VALUES ('d74a19b9-be50-4749-a98e-0cbbb94369c1', '36c6b2b9-2a96-41a3-bce2-82f5e8f826b1', '5afaa8d4-0af6-4407-b438-26dc080b7c71', 'normal', 1) ON CONFLICT ("userId", "cardId", "variant") DO UPDATE SET "quantity" = EXCLUDED."quantity";
INSERT INTO "InventoryItem" ("id", "userId", "cardId", "variant", "quantity") VALUES ('32d468d6-5056-4f88-a7be-307b8f91f155', '36c6b2b9-2a96-41a3-bce2-82f5e8f826b1', 'c855cb28-8018-4030-8aaf-290133c9d228', 'normal', 1) ON CONFLICT ("userId", "cardId", "variant") DO UPDATE SET "quantity" = EXCLUDED."quantity";
INSERT INTO "InventoryItem" ("id", "userId", "cardId", "variant", "quantity") VALUES ('fdea9112-b83b-47be-8cec-d08556511c3f', '36c6b2b9-2a96-41a3-bce2-82f5e8f826b1', '519b5075-33fe-41f7-8f07-3db03a0ecd92', 'normal', 1) ON CONFLICT ("userId", "cardId", "variant") DO UPDATE SET "quantity" = EXCLUDED."quantity";
INSERT INTO "InventoryItem" ("id", "userId", "cardId", "variant", "quantity") VALUES ('2f890637-1866-4b96-b944-361007743c4f', '36c6b2b9-2a96-41a3-bce2-82f5e8f826b1', 'a6bc77b5-1605-4a13-8a54-ab3d0325f8d2', 'shiny', 1) ON CONFLICT ("userId", "cardId", "variant") DO UPDATE SET "quantity" = EXCLUDED."quantity";
INSERT INTO "InventoryItem" ("id", "userId", "cardId", "variant", "quantity") VALUES ('3d7cf2ae-53d7-4d7a-8a4f-a141c7aef65c', '36c6b2b9-2a96-41a3-bce2-82f5e8f826b1', 'ad918f1a-5015-4c53-9e0b-1b0348435118', 'shiny', 1) ON CONFLICT ("userId", "cardId", "variant") DO UPDATE SET "quantity" = EXCLUDED."quantity";
INSERT INTO "InventoryItem" ("id", "userId", "cardId", "variant", "quantity") VALUES ('8608559d-51f0-41c1-ba2a-1f7cee9958bf', '36c6b2b9-2a96-41a3-bce2-82f5e8f826b1', 'b6113454-4eb4-4756-a39a-8c784111d4b9', 'normal', 1) ON CONFLICT ("userId", "cardId", "variant") DO UPDATE SET "quantity" = EXCLUDED."quantity";
INSERT INTO "InventoryItem" ("id", "userId", "cardId", "variant", "quantity") VALUES ('8e23c518-bd75-477b-b8d3-bba5b7aff7a1', '36c6b2b9-2a96-41a3-bce2-82f5e8f826b1', '48f62aab-5a5b-452a-891a-cb5a107f6e84', 'normal', 1) ON CONFLICT ("userId", "cardId", "variant") DO UPDATE SET "quantity" = EXCLUDED."quantity";
INSERT INTO "InventoryItem" ("id", "userId", "cardId", "variant", "quantity") VALUES ('79ce3577-4b16-4dc4-82be-78e93cea00d8', '36c6b2b9-2a96-41a3-bce2-82f5e8f826b1', 'd6fd0b56-d4fd-4787-9bb4-5cd1c78f80ca', 'normal', 1) ON CONFLICT ("userId", "cardId", "variant") DO UPDATE SET "quantity" = EXCLUDED."quantity";
INSERT INTO "InventoryItem" ("id", "userId", "cardId", "variant", "quantity") VALUES ('cc8e1265-c069-42f8-b280-d9c7bece5938', '36c6b2b9-2a96-41a3-bce2-82f5e8f826b1', '15d7d8f8-8120-45f8-af7f-dd11c64f94ef', 'normal', 1) ON CONFLICT ("userId", "cardId", "variant") DO UPDATE SET "quantity" = EXCLUDED."quantity";
INSERT INTO "InventoryItem" ("id", "userId", "cardId", "variant", "quantity") VALUES ('5c0dbfdf-30cf-436d-8be5-1e7e3d5b58e3', '36c6b2b9-2a96-41a3-bce2-82f5e8f826b1', '3c87cd60-1d99-4ef8-a3d4-ad8c42bc305a', 'normal', 1) ON CONFLICT ("userId", "cardId", "variant") DO UPDATE SET "quantity" = EXCLUDED."quantity";
INSERT INTO "InventoryItem" ("id", "userId", "cardId", "variant", "quantity") VALUES ('473f5444-d2aa-4035-946c-d43e0ce9635b', '36c6b2b9-2a96-41a3-bce2-82f5e8f826b1', '31df6364-e73a-4cc1-b61e-6701ff4ad5a3', 'normal', 2) ON CONFLICT ("userId", "cardId", "variant") DO UPDATE SET "quantity" = EXCLUDED."quantity";
INSERT INTO "InventoryItem" ("id", "userId", "cardId", "variant", "quantity") VALUES ('1bce4e53-ade2-4359-8e69-b6ef672e202f', '36c6b2b9-2a96-41a3-bce2-82f5e8f826b1', '861bd3f9-aa9f-4ccb-b9da-04ae5b7ebea3', 'normal', 1) ON CONFLICT ("userId", "cardId", "variant") DO UPDATE SET "quantity" = EXCLUDED."quantity";
INSERT INTO "InventoryItem" ("id", "userId", "cardId", "variant", "quantity") VALUES ('901335da-a40a-40f6-9aa6-85b379a19491', '36c6b2b9-2a96-41a3-bce2-82f5e8f826b1', '59fd836a-a500-4ea8-97a5-b2886754f73b', 'normal', 1) ON CONFLICT ("userId", "cardId", "variant") DO UPDATE SET "quantity" = EXCLUDED."quantity";
INSERT INTO "InventoryItem" ("id", "userId", "cardId", "variant", "quantity") VALUES ('318fb3c4-baf6-4d2c-9364-e9e31c2b73c2', '36c6b2b9-2a96-41a3-bce2-82f5e8f826b1', '094bab4a-8b0f-4176-9d79-5d00c0962c89', 'normal', 1) ON CONFLICT ("userId", "cardId", "variant") DO UPDATE SET "quantity" = EXCLUDED."quantity";
INSERT INTO "InventoryItem" ("id", "userId", "cardId", "variant", "quantity") VALUES ('e9306fb4-7297-40c1-870e-b371e392dc97', '36c6b2b9-2a96-41a3-bce2-82f5e8f826b1', '386fc106-8229-4e6a-8db2-07cedfd18c1b', 'normal', 1) ON CONFLICT ("userId", "cardId", "variant") DO UPDATE SET "quantity" = EXCLUDED."quantity";
INSERT INTO "InventoryItem" ("id", "userId", "cardId", "variant", "quantity") VALUES ('1ee7a063-60f6-4c01-a424-7b15c6470842', '36c6b2b9-2a96-41a3-bce2-82f5e8f826b1', 'af7ca77b-c5ce-4f07-9d19-cbd16e34a745', 'shiny', 1) ON CONFLICT ("userId", "cardId", "variant") DO UPDATE SET "quantity" = EXCLUDED."quantity";
INSERT INTO "InventoryItem" ("id", "userId", "cardId", "variant", "quantity") VALUES ('87e8781e-3541-40fb-863e-9e4e205e62db', '36c6b2b9-2a96-41a3-bce2-82f5e8f826b1', '931afcc0-c965-4fea-ba7e-bf67697fc8b9', 'normal', 2) ON CONFLICT ("userId", "cardId", "variant") DO UPDATE SET "quantity" = EXCLUDED."quantity";
INSERT INTO "InventoryItem" ("id", "userId", "cardId", "variant", "quantity") VALUES ('84214117-e71f-45c9-86ee-8e537593f7ca', '36c6b2b9-2a96-41a3-bce2-82f5e8f826b1', '206b3d38-49f6-46d3-931b-11c6166a1f35', 'normal', 1) ON CONFLICT ("userId", "cardId", "variant") DO UPDATE SET "quantity" = EXCLUDED."quantity";
INSERT INTO "InventoryItem" ("id", "userId", "cardId", "variant", "quantity") VALUES ('0bd33fb7-4120-4d9a-9660-de2559156cc3', '36c6b2b9-2a96-41a3-bce2-82f5e8f826b1', '95d87875-6302-4dcf-b5d4-6254d61ed23d', 'normal', 1) ON CONFLICT ("userId", "cardId", "variant") DO UPDATE SET "quantity" = EXCLUDED."quantity";
INSERT INTO "InventoryItem" ("id", "userId", "cardId", "variant", "quantity") VALUES ('a31f9f1f-e730-4e04-95a6-cf87750e81c9', '36c6b2b9-2a96-41a3-bce2-82f5e8f826b1', 'd81763d4-498d-4758-9e2d-8a9618644588', 'normal', 1) ON CONFLICT ("userId", "cardId", "variant") DO UPDATE SET "quantity" = EXCLUDED."quantity";
INSERT INTO "InventoryItem" ("id", "userId", "cardId", "variant", "quantity") VALUES ('7cffc4b3-b448-4bfe-bca1-433c4aad7506', '36c6b2b9-2a96-41a3-bce2-82f5e8f826b1', 'ffcd3402-a3b1-4458-bf67-46dd6b92835a', 'normal', 1) ON CONFLICT ("userId", "cardId", "variant") DO UPDATE SET "quantity" = EXCLUDED."quantity";
INSERT INTO "InventoryItem" ("id", "userId", "cardId", "variant", "quantity") VALUES ('e18c2e5b-93fc-4e4e-9d4b-e2442b1e2cc0', '36c6b2b9-2a96-41a3-bce2-82f5e8f826b1', '8a1b4f38-3bd3-4488-9900-9a36a52fcf5a', 'normal', 1) ON CONFLICT ("userId", "cardId", "variant") DO UPDATE SET "quantity" = EXCLUDED."quantity";
INSERT INTO "InventoryItem" ("id", "userId", "cardId", "variant", "quantity") VALUES ('203f4df3-e8f0-43fa-8fa9-be21a4dca187', '36c6b2b9-2a96-41a3-bce2-82f5e8f826b1', 'f037ccda-84a6-4c01-817e-97a99dde4af6', 'normal', 1) ON CONFLICT ("userId", "cardId", "variant") DO UPDATE SET "quantity" = EXCLUDED."quantity";
INSERT INTO "InventoryItem" ("id", "userId", "cardId", "variant", "quantity") VALUES ('faebc914-a7f2-46a9-b9d6-46d4bed5c7ba', '36c6b2b9-2a96-41a3-bce2-82f5e8f826b1', 'eaa10fb6-a479-4cd6-93f9-48d1b53a0aa8', 'normal', 1) ON CONFLICT ("userId", "cardId", "variant") DO UPDATE SET "quantity" = EXCLUDED."quantity";
INSERT INTO "InventoryItem" ("id", "userId", "cardId", "variant", "quantity") VALUES ('1ac13867-bea9-4a6f-8a07-3ee4f96fc172', '36c6b2b9-2a96-41a3-bce2-82f5e8f826b1', 'bad8de19-c26b-49aa-b502-38274fd8a95b', 'normal', 1) ON CONFLICT ("userId", "cardId", "variant") DO UPDATE SET "quantity" = EXCLUDED."quantity";
INSERT INTO "InventoryItem" ("id", "userId", "cardId", "variant", "quantity") VALUES ('22eb9b2d-be39-40b2-97ce-a4c0b029d85f', '36c6b2b9-2a96-41a3-bce2-82f5e8f826b1', '65ebefaf-d0ab-4b3f-90db-2613f8c78653', 'normal', 1) ON CONFLICT ("userId", "cardId", "variant") DO UPDATE SET "quantity" = EXCLUDED."quantity";
INSERT INTO "InventoryItem" ("id", "userId", "cardId", "variant", "quantity") VALUES ('4d68b670-d5c3-4919-97b7-11ec76c13931', '36c6b2b9-2a96-41a3-bce2-82f5e8f826b1', '57946b00-b8eb-40c0-8882-b0066d7f4e52', 'normal', 1) ON CONFLICT ("userId", "cardId", "variant") DO UPDATE SET "quantity" = EXCLUDED."quantity";
INSERT INTO "InventoryItem" ("id", "userId", "cardId", "variant", "quantity") VALUES ('5992717f-5210-43e7-9a0c-4c28d0dd1b92', '36c6b2b9-2a96-41a3-bce2-82f5e8f826b1', '06c1aad6-b9ef-48b3-99fc-afe7d522e967', 'normal', 1) ON CONFLICT ("userId", "cardId", "variant") DO UPDATE SET "quantity" = EXCLUDED."quantity";
INSERT INTO "InventoryItem" ("id", "userId", "cardId", "variant", "quantity") VALUES ('ed66c355-992e-43d0-9f67-1166df8da7fb', '36c6b2b9-2a96-41a3-bce2-82f5e8f826b1', 'e45d0ab6-a66f-4689-85da-12bf30755185', 'normal', 1) ON CONFLICT ("userId", "cardId", "variant") DO UPDATE SET "quantity" = EXCLUDED."quantity";
INSERT INTO "InventoryItem" ("id", "userId", "cardId", "variant", "quantity") VALUES ('e69d47a8-7442-41ae-96f4-e76166394726', '36c6b2b9-2a96-41a3-bce2-82f5e8f826b1', '6ae9c609-dea5-438d-9dac-14a1cd6d0fa9', 'normal', 1) ON CONFLICT ("userId", "cardId", "variant") DO UPDATE SET "quantity" = EXCLUDED."quantity";
INSERT INTO "InventoryItem" ("id", "userId", "cardId", "variant", "quantity") VALUES ('e23dc5e1-1a8f-4f8e-90d6-218387075a34', '36c6b2b9-2a96-41a3-bce2-82f5e8f826b1', 'b29deee3-3ea3-4d70-8bb5-25dccb751cf6', 'normal', 1) ON CONFLICT ("userId", "cardId", "variant") DO UPDATE SET "quantity" = EXCLUDED."quantity";
INSERT INTO "InventoryItem" ("id", "userId", "cardId", "variant", "quantity") VALUES ('34728ff9-1fb7-4eac-8fd2-3d0842a5c613', '36c6b2b9-2a96-41a3-bce2-82f5e8f826b1', '5f2798f8-dfe4-4580-8f1e-e6ecac0c380e', 'normal', 1) ON CONFLICT ("userId", "cardId", "variant") DO UPDATE SET "quantity" = EXCLUDED."quantity";
INSERT INTO "InventoryItem" ("id", "userId", "cardId", "variant", "quantity") VALUES ('2cb01907-a099-4a4c-a559-52692458f05c', '36c6b2b9-2a96-41a3-bce2-82f5e8f826b1', '0d601eee-c0f7-4341-87d4-717e853914fd', 'normal', 1) ON CONFLICT ("userId", "cardId", "variant") DO UPDATE SET "quantity" = EXCLUDED."quantity";
INSERT INTO "InventoryItem" ("id", "userId", "cardId", "variant", "quantity") VALUES ('257ced1b-1289-4bd9-a89e-365770b09169', '36c6b2b9-2a96-41a3-bce2-82f5e8f826b1', '608c576e-9db4-47c6-b528-c75e14d7a842', 'normal', 1) ON CONFLICT ("userId", "cardId", "variant") DO UPDATE SET "quantity" = EXCLUDED."quantity";
INSERT INTO "InventoryItem" ("id", "userId", "cardId", "variant", "quantity") VALUES ('9a43fcdc-c7fd-4db0-a6bf-33b9b9286da1', '36c6b2b9-2a96-41a3-bce2-82f5e8f826b1', '8d5cac43-de74-4970-9b0b-3355b08f1cf6', 'normal', 1) ON CONFLICT ("userId", "cardId", "variant") DO UPDATE SET "quantity" = EXCLUDED."quantity";
INSERT INTO "InventoryItem" ("id", "userId", "cardId", "variant", "quantity") VALUES ('75604498-13ed-430d-8041-a2396b7a9270', '36c6b2b9-2a96-41a3-bce2-82f5e8f826b1', 'a9a4a68f-4ebc-4b62-93df-7000834fe666', 'normal', 1) ON CONFLICT ("userId", "cardId", "variant") DO UPDATE SET "quantity" = EXCLUDED."quantity";
INSERT INTO "InventoryItem" ("id", "userId", "cardId", "variant", "quantity") VALUES ('6aae4278-0066-4f3a-8f35-9f81500bce47', '36c6b2b9-2a96-41a3-bce2-82f5e8f826b1', '3e2f38b9-16fa-4f85-8c5d-7e2dce76490a', 'normal', 1) ON CONFLICT ("userId", "cardId", "variant") DO UPDATE SET "quantity" = EXCLUDED."quantity";
INSERT INTO "InventoryItem" ("id", "userId", "cardId", "variant", "quantity") VALUES ('a4e8893f-4bed-4b2d-925a-c24dac74e16d', '36c6b2b9-2a96-41a3-bce2-82f5e8f826b1', 'ffcc1fe8-2ae2-452e-ba51-4be3cae59516', 'normal', 1) ON CONFLICT ("userId", "cardId", "variant") DO UPDATE SET "quantity" = EXCLUDED."quantity";
INSERT INTO "InventoryItem" ("id", "userId", "cardId", "variant", "quantity") VALUES ('83cbf7ac-704f-4890-b38f-2048b2488e82', '36c6b2b9-2a96-41a3-bce2-82f5e8f826b1', '07e6d47b-545c-4114-b303-b536365f8bc1', 'normal', 1) ON CONFLICT ("userId", "cardId", "variant") DO UPDATE SET "quantity" = EXCLUDED."quantity";
INSERT INTO "InventoryItem" ("id", "userId", "cardId", "variant", "quantity") VALUES ('7be2dcc2-a4e9-460a-ba32-a3cf9a5a2e73', '36c6b2b9-2a96-41a3-bce2-82f5e8f826b1', 'ef6927a8-b267-4210-8128-c2128ae98de1', 'normal', 1) ON CONFLICT ("userId", "cardId", "variant") DO UPDATE SET "quantity" = EXCLUDED."quantity";
INSERT INTO "InventoryItem" ("id", "userId", "cardId", "variant", "quantity") VALUES ('449b0c93-0df4-4c40-8357-4aa493173932', '36c6b2b9-2a96-41a3-bce2-82f5e8f826b1', '5037eed2-0ce2-49ac-b5fc-ed1030b588ab', 'normal', 1) ON CONFLICT ("userId", "cardId", "variant") DO UPDATE SET "quantity" = EXCLUDED."quantity";
INSERT INTO "InventoryItem" ("id", "userId", "cardId", "variant", "quantity") VALUES ('08a24802-25d9-4329-9e54-b4d64fd44b1d', '36c6b2b9-2a96-41a3-bce2-82f5e8f826b1', '11d22488-7cf9-4831-9a8a-afdc301a3546', 'normal', 1) ON CONFLICT ("userId", "cardId", "variant") DO UPDATE SET "quantity" = EXCLUDED."quantity";
INSERT INTO "InventoryItem" ("id", "userId", "cardId", "variant", "quantity") VALUES ('5b5209b7-6d1e-4f19-8b94-df7db85fec5e', '36c6b2b9-2a96-41a3-bce2-82f5e8f826b1', 'b7e62e1a-0ea2-4e62-994d-3f72be0c7779', 'normal', 1) ON CONFLICT ("userId", "cardId", "variant") DO UPDATE SET "quantity" = EXCLUDED."quantity";
INSERT INTO "InventoryItem" ("id", "userId", "cardId", "variant", "quantity") VALUES ('c1eefdb0-1d70-41cf-8f5a-c2b0bcb93ad5', '36c6b2b9-2a96-41a3-bce2-82f5e8f826b1', '2194cc44-d171-4456-9d1c-d6ca55474ea7', 'normal', 1) ON CONFLICT ("userId", "cardId", "variant") DO UPDATE SET "quantity" = EXCLUDED."quantity";
INSERT INTO "InventoryItem" ("id", "userId", "cardId", "variant", "quantity") VALUES ('c8ae7a9b-ebba-4d58-a48a-7629eea6912d', '36c6b2b9-2a96-41a3-bce2-82f5e8f826b1', '5f1c69d0-6c2e-4e2b-ba43-554c212038db', 'normal', 1) ON CONFLICT ("userId", "cardId", "variant") DO UPDATE SET "quantity" = EXCLUDED."quantity";
INSERT INTO "InventoryItem" ("id", "userId", "cardId", "variant", "quantity") VALUES ('56f85da2-7f6a-4e1f-8172-749735ad78ef', '36c6b2b9-2a96-41a3-bce2-82f5e8f826b1', '782d2983-8792-46d0-b04e-b4442e0aebd6', 'normal', 1) ON CONFLICT ("userId", "cardId", "variant") DO UPDATE SET "quantity" = EXCLUDED."quantity";
INSERT INTO "InventoryItem" ("id", "userId", "cardId", "variant", "quantity") VALUES ('9d49426a-dc40-4bd4-93a4-17bdef2b34db', '36c6b2b9-2a96-41a3-bce2-82f5e8f826b1', 'ccadc19e-6292-4491-a99f-4204d2fdd406', 'holo', 1) ON CONFLICT ("userId", "cardId", "variant") DO UPDATE SET "quantity" = EXCLUDED."quantity";
INSERT INTO "InventoryItem" ("id", "userId", "cardId", "variant", "quantity") VALUES ('addfa337-8390-44be-85b3-da7b75d682e8', '36c6b2b9-2a96-41a3-bce2-82f5e8f826b1', 'd9b38d50-aeed-48b3-997d-825db45572e2', 'holo', 1) ON CONFLICT ("userId", "cardId", "variant") DO UPDATE SET "quantity" = EXCLUDED."quantity";
INSERT INTO "InventoryItem" ("id", "userId", "cardId", "variant", "quantity") VALUES ('b0f41680-ffe4-46d7-81af-1227911406d5', '36c6b2b9-2a96-41a3-bce2-82f5e8f826b1', '00c9fee3-e81a-44aa-9ba9-f93fb0a93ae6', 'normal', 1) ON CONFLICT ("userId", "cardId", "variant") DO UPDATE SET "quantity" = EXCLUDED."quantity";
INSERT INTO "InventoryItem" ("id", "userId", "cardId", "variant", "quantity") VALUES ('b68868a0-6c4e-4997-9551-5c064e21a71a', '36c6b2b9-2a96-41a3-bce2-82f5e8f826b1', 'a6c6ee64-62b5-4c56-beb5-5a8ed076dd65', 'normal', 1) ON CONFLICT ("userId", "cardId", "variant") DO UPDATE SET "quantity" = EXCLUDED."quantity";
INSERT INTO "InventoryItem" ("id", "userId", "cardId", "variant", "quantity") VALUES ('15ea06db-182c-49af-b541-e9a9a805605b', '36c6b2b9-2a96-41a3-bce2-82f5e8f826b1', '67636ce4-ac38-4a73-9cd3-7ed53f89ed94', 'shiny', 1) ON CONFLICT ("userId", "cardId", "variant") DO UPDATE SET "quantity" = EXCLUDED."quantity";
INSERT INTO "InventoryItem" ("id", "userId", "cardId", "variant", "quantity") VALUES ('a20e3986-9b36-4940-b31d-10ebef4ed55d', '36c6b2b9-2a96-41a3-bce2-82f5e8f826b1', 'f14aeda4-954f-4bb0-b110-16486c3fb361', 'normal', 1) ON CONFLICT ("userId", "cardId", "variant") DO UPDATE SET "quantity" = EXCLUDED."quantity";
INSERT INTO "InventoryItem" ("id", "userId", "cardId", "variant", "quantity") VALUES ('dc49c48c-af83-46ad-8143-3232868be837', '36c6b2b9-2a96-41a3-bce2-82f5e8f826b1', '2c53b1f2-0300-45fb-9641-42bbad40ce87', 'normal', 1) ON CONFLICT ("userId", "cardId", "variant") DO UPDATE SET "quantity" = EXCLUDED."quantity";
INSERT INTO "InventoryItem" ("id", "userId", "cardId", "variant", "quantity") VALUES ('4cd09089-3690-4dc7-b571-eac3bcf8f4bf', '36c6b2b9-2a96-41a3-bce2-82f5e8f826b1', '8953a923-3276-4e1a-bf56-bf7af7517977', 'normal', 1) ON CONFLICT ("userId", "cardId", "variant") DO UPDATE SET "quantity" = EXCLUDED."quantity";
INSERT INTO "InventoryItem" ("id", "userId", "cardId", "variant", "quantity") VALUES ('70344999-11e8-45f6-8ccc-6f08c794ebc0', '36c6b2b9-2a96-41a3-bce2-82f5e8f826b1', '7267c940-ff9d-455c-b081-74112353aabb', 'normal', 1) ON CONFLICT ("userId", "cardId", "variant") DO UPDATE SET "quantity" = EXCLUDED."quantity";
INSERT INTO "InventoryItem" ("id", "userId", "cardId", "variant", "quantity") VALUES ('70faac46-fe25-4715-9bdf-4335943f97fd', '36c6b2b9-2a96-41a3-bce2-82f5e8f826b1', '1969cbef-b4b3-4954-94b7-ac64786ddd45', 'normal', 1) ON CONFLICT ("userId", "cardId", "variant") DO UPDATE SET "quantity" = EXCLUDED."quantity";
INSERT INTO "Booster" ("id", "userId", "common", "uncommon", "rare", "veryRare", "import", "exotic", "blackMarket", "limited") VALUES ('f33b95b2-3e6d-41cc-9626-1216f5d4f23a', '36c6b2b9-2a96-41a3-bce2-82f5e8f826b1', 0, 0, 0, 0, 0, 0, 0, 0) ON CONFLICT ("userId") DO UPDATE SET "common" = EXCLUDED."common", "uncommon" = EXCLUDED."uncommon", "rare" = EXCLUDED."rare", "veryRare" = EXCLUDED."veryRare", "import" = EXCLUDED."import", "exotic" = EXCLUDED."exotic", "blackMarket" = EXCLUDED."blackMarket", "limited" = EXCLUDED."limited";
INSERT INTO "UserBooster" ("id", "userId", "boosterType", "quantity") VALUES ('7195abca-36e1-4f3c-9c1f-135bd7522c39', '36c6b2b9-2a96-41a3-bce2-82f5e8f826b1', 'basic', 9) ON CONFLICT ("userId", "boosterType") DO UPDATE SET "quantity" = EXCLUDED."quantity";
INSERT INTO "UserBooster" ("id", "userId", "boosterType", "quantity") VALUES ('4e9568c1-9d10-46d0-9ec6-7ce689750c92', '36c6b2b9-2a96-41a3-bce2-82f5e8f826b1', 'rare', 10) ON CONFLICT ("userId", "boosterType") DO UPDATE SET "quantity" = EXCLUDED."quantity";
INSERT INTO "UserBooster" ("id", "userId", "boosterType", "quantity") VALUES ('5a4f081a-f393-4648-b18c-31ac8f0c0da7', '36c6b2b9-2a96-41a3-bce2-82f5e8f826b1', 'epic', 9) ON CONFLICT ("userId", "boosterType") DO UPDATE SET "quantity" = EXCLUDED."quantity";
INSERT INTO "UserBooster" ("id", "userId", "boosterType", "quantity") VALUES ('a83179c1-33e7-41d4-8e0f-cdd74b5d4ecd', '36c6b2b9-2a96-41a3-bce2-82f5e8f826b1', 'legendary', 8) ON CONFLICT ("userId", "boosterType") DO UPDATE SET "quantity" = EXCLUDED."quantity";
INSERT INTO "FragmentBalance" ("id", "userId", "deckId", "balance") VALUES ('f7974fde-5055-4758-bb33-738413107fe8', '36c6b2b9-2a96-41a3-bce2-82f5e8f826b1', NULL, NULL) ON CONFLICT ("userId", "deckId") DO UPDATE SET "balance" = EXCLUDED."balance";
INSERT INTO "FragmentBalance" ("id", "userId", "deckId", "balance") VALUES ('4898c331-71fc-4b4e-b274-a512d9a2d75c', '36c6b2b9-2a96-41a3-bce2-82f5e8f826b1', NULL, NULL) ON CONFLICT ("userId", "deckId") DO UPDATE SET "balance" = EXCLUDED."balance";
INSERT INTO "FragmentBalance" ("id", "userId", "deckId", "balance") VALUES ('5025c8fb-d961-4166-beee-46ea5823839f', '36c6b2b9-2a96-41a3-bce2-82f5e8f826b1', NULL, NULL) ON CONFLICT ("userId", "deckId") DO UPDATE SET "balance" = EXCLUDED."balance";
INSERT INTO "FragmentBalance" ("id", "userId", "deckId", "balance") VALUES ('231ac2d3-f9aa-44d2-95cd-0ce529ed0ce2', '36c6b2b9-2a96-41a3-bce2-82f5e8f826b1', NULL, NULL) ON CONFLICT ("userId", "deckId") DO UPDATE SET "balance" = EXCLUDED."balance";

INSERT INTO "User" ("id", "discordId", "username", "avatarUrl", "isAdmin", "level", "xp", "credits", "fragments", "lastManualSpawnAt", "spawnCharges", "lastSpawnChargeRegenAt", "lastDailyRewardAt", "createdAt") VALUES ('5af767c4-561a-44c1-937b-4331be377806', '199313301832728576', 'tuide10', 'https://cdn.discordapp.com/avatars/199313301832728576/ee4852cfdfda9ae51072429ec3daecb2.webp', FALSE, 1, 80, 0, 0, NULL, 4, NULL, NULL, '2026-05-01T17:35:39.128Z') ON CONFLICT ("id") DO UPDATE SET "username" = EXCLUDED."username", "avatarUrl" = EXCLUDED."avatarUrl", "isAdmin" = EXCLUDED."isAdmin", "level" = EXCLUDED."level", "xp" = EXCLUDED."xp", "credits" = EXCLUDED."credits", "fragments" = EXCLUDED."fragments", "spawnCharges" = EXCLUDED."spawnCharges";
INSERT INTO "InventoryItem" ("id", "userId", "cardId", "variant", "quantity") VALUES ('32cc5852-529a-4046-846f-668391ac3fa4', '5af767c4-561a-44c1-937b-4331be377806', 'b15b9f1b-e7b8-45f0-a237-94bf6c9a9adf', 'normal', 1) ON CONFLICT ("userId", "cardId", "variant") DO UPDATE SET "quantity" = EXCLUDED."quantity";
INSERT INTO "InventoryItem" ("id", "userId", "cardId", "variant", "quantity") VALUES ('252ab073-f1bb-4a7c-80c0-a0646d448952', '5af767c4-561a-44c1-937b-4331be377806', 'f66c224c-7047-4416-a523-b2919b5e229b', 'normal', 1) ON CONFLICT ("userId", "cardId", "variant") DO UPDATE SET "quantity" = EXCLUDED."quantity";
INSERT INTO "InventoryItem" ("id", "userId", "cardId", "variant", "quantity") VALUES ('36a137dd-eff0-4775-9480-b58ffe9aa904', '5af767c4-561a-44c1-937b-4331be377806', 'c95ca1ef-4ae0-4df3-b633-176a7c0c390e', 'normal', 1) ON CONFLICT ("userId", "cardId", "variant") DO UPDATE SET "quantity" = EXCLUDED."quantity";

INSERT INTO "User" ("id", "discordId", "username", "avatarUrl", "isAdmin", "level", "xp", "credits", "fragments", "lastManualSpawnAt", "spawnCharges", "lastSpawnChargeRegenAt", "lastDailyRewardAt", "createdAt") VALUES ('736894ba-c12a-4b58-8b47-87953e32c880', '1008149073003556965', 'g00aakk', 'https://cdn.discordapp.com/avatars/1008149073003556965/c3eeba1358b2217c63b359e62e4c90ff.webp', FALSE, 6, 141, 115, 1, NULL, 0, '2026-05-03T16:27:31.423Z', '2026-05-02T15:11:20.184Z', '2026-05-01T17:54:10.954Z') ON CONFLICT ("id") DO UPDATE SET "username" = EXCLUDED."username", "avatarUrl" = EXCLUDED."avatarUrl", "isAdmin" = EXCLUDED."isAdmin", "level" = EXCLUDED."level", "xp" = EXCLUDED."xp", "credits" = EXCLUDED."credits", "fragments" = EXCLUDED."fragments", "spawnCharges" = EXCLUDED."spawnCharges";
INSERT INTO "InventoryItem" ("id", "userId", "cardId", "variant", "quantity") VALUES ('3ed3638d-2ace-422a-a70f-1823c53ded83', '736894ba-c12a-4b58-8b47-87953e32c880', '48525c64-fb01-4f99-a364-9d53e1452468', 'normal', 1) ON CONFLICT ("userId", "cardId", "variant") DO UPDATE SET "quantity" = EXCLUDED."quantity";
INSERT INTO "InventoryItem" ("id", "userId", "cardId", "variant", "quantity") VALUES ('b638a045-a402-4625-9d87-4ab51d19e092', '736894ba-c12a-4b58-8b47-87953e32c880', '0b1d8170-4dde-4b16-aa31-e6b3603b487e', 'normal', 1) ON CONFLICT ("userId", "cardId", "variant") DO UPDATE SET "quantity" = EXCLUDED."quantity";
INSERT INTO "InventoryItem" ("id", "userId", "cardId", "variant", "quantity") VALUES ('18427cc2-8fa1-4a9b-925c-16370027e242', '736894ba-c12a-4b58-8b47-87953e32c880', 'f83a4ffa-1e71-4053-9765-6817b60d4a53', 'normal', 1) ON CONFLICT ("userId", "cardId", "variant") DO UPDATE SET "quantity" = EXCLUDED."quantity";
INSERT INTO "InventoryItem" ("id", "userId", "cardId", "variant", "quantity") VALUES ('f9101494-2412-49f0-b77f-ab0f3b360260', '736894ba-c12a-4b58-8b47-87953e32c880', 'd70492f2-f2ec-4f5c-a233-5f6084d081e4', 'normal', 1) ON CONFLICT ("userId", "cardId", "variant") DO UPDATE SET "quantity" = EXCLUDED."quantity";
INSERT INTO "InventoryItem" ("id", "userId", "cardId", "variant", "quantity") VALUES ('2c73004f-0f59-402a-846a-a02ba0c4b8c2', '736894ba-c12a-4b58-8b47-87953e32c880', 'bab422bd-0353-4cf7-b6ec-bf8af319f228', 'normal', 2) ON CONFLICT ("userId", "cardId", "variant") DO UPDATE SET "quantity" = EXCLUDED."quantity";
INSERT INTO "InventoryItem" ("id", "userId", "cardId", "variant", "quantity") VALUES ('e900e09c-9624-46af-8470-d9da1e888553', '736894ba-c12a-4b58-8b47-87953e32c880', 'a0d07b9a-e7d4-424c-82a3-44282dbc6ad6', 'normal', 1) ON CONFLICT ("userId", "cardId", "variant") DO UPDATE SET "quantity" = EXCLUDED."quantity";
INSERT INTO "InventoryItem" ("id", "userId", "cardId", "variant", "quantity") VALUES ('8ae3dd07-781b-43e4-bcb4-92ff9bccba8b', '736894ba-c12a-4b58-8b47-87953e32c880', 'c95ca1ef-4ae0-4df3-b633-176a7c0c390e', 'normal', 1) ON CONFLICT ("userId", "cardId", "variant") DO UPDATE SET "quantity" = EXCLUDED."quantity";
INSERT INTO "InventoryItem" ("id", "userId", "cardId", "variant", "quantity") VALUES ('8953de9c-9e00-4d9b-a841-ecd654e02d44', '736894ba-c12a-4b58-8b47-87953e32c880', 'ccadc19e-6292-4491-a99f-4204d2fdd406', 'normal', 1) ON CONFLICT ("userId", "cardId", "variant") DO UPDATE SET "quantity" = EXCLUDED."quantity";
INSERT INTO "InventoryItem" ("id", "userId", "cardId", "variant", "quantity") VALUES ('03b6cf56-4820-4bd4-a0d1-92596f780d0d', '736894ba-c12a-4b58-8b47-87953e32c880', '1d0abe89-d84c-4769-be67-38b98a85483e', 'normal', 1) ON CONFLICT ("userId", "cardId", "variant") DO UPDATE SET "quantity" = EXCLUDED."quantity";
INSERT INTO "InventoryItem" ("id", "userId", "cardId", "variant", "quantity") VALUES ('d4486a62-c71f-457a-82b3-69dbf196b8dc', '736894ba-c12a-4b58-8b47-87953e32c880', 'dec84e10-bb11-4e0b-aa74-1670fe7a73e5', 'normal', 1) ON CONFLICT ("userId", "cardId", "variant") DO UPDATE SET "quantity" = EXCLUDED."quantity";
INSERT INTO "InventoryItem" ("id", "userId", "cardId", "variant", "quantity") VALUES ('55d329cd-b6d4-475e-aedd-faf6974ce558', '736894ba-c12a-4b58-8b47-87953e32c880', '04986c88-3645-4a26-9c08-500426412369', 'normal', 1) ON CONFLICT ("userId", "cardId", "variant") DO UPDATE SET "quantity" = EXCLUDED."quantity";
INSERT INTO "InventoryItem" ("id", "userId", "cardId", "variant", "quantity") VALUES ('3019c199-6550-47ba-8639-03e7a60570a3', '736894ba-c12a-4b58-8b47-87953e32c880', 'f4a7c081-210b-4368-8ffb-c3649ee31a6b', 'normal', 1) ON CONFLICT ("userId", "cardId", "variant") DO UPDATE SET "quantity" = EXCLUDED."quantity";
INSERT INTO "InventoryItem" ("id", "userId", "cardId", "variant", "quantity") VALUES ('60976749-97b0-4d63-b31f-80fbf871a9e6', '736894ba-c12a-4b58-8b47-87953e32c880', 'f66c224c-7047-4416-a523-b2919b5e229b', 'normal', 1) ON CONFLICT ("userId", "cardId", "variant") DO UPDATE SET "quantity" = EXCLUDED."quantity";
INSERT INTO "InventoryItem" ("id", "userId", "cardId", "variant", "quantity") VALUES ('5e2432a2-ac0c-4b32-b1da-c5e20defac00', '736894ba-c12a-4b58-8b47-87953e32c880', 'b6113454-4eb4-4756-a39a-8c784111d4b9', 'normal', 1) ON CONFLICT ("userId", "cardId", "variant") DO UPDATE SET "quantity" = EXCLUDED."quantity";
INSERT INTO "InventoryItem" ("id", "userId", "cardId", "variant", "quantity") VALUES ('3aea88c7-5e25-40ff-a0c5-d12100168b71', '736894ba-c12a-4b58-8b47-87953e32c880', '46b52902-081f-4d44-8d75-3715d9c9712f', 'normal', 1) ON CONFLICT ("userId", "cardId", "variant") DO UPDATE SET "quantity" = EXCLUDED."quantity";
INSERT INTO "InventoryItem" ("id", "userId", "cardId", "variant", "quantity") VALUES ('02408775-f4aa-44bd-beb8-48722306c4b7', '736894ba-c12a-4b58-8b47-87953e32c880', 'b52ed0a5-c81e-4586-882f-1b99832c6b39', 'normal', 1) ON CONFLICT ("userId", "cardId", "variant") DO UPDATE SET "quantity" = EXCLUDED."quantity";
INSERT INTO "InventoryItem" ("id", "userId", "cardId", "variant", "quantity") VALUES ('87c036cb-496d-4d55-b16f-0d41ccd0b3fc', '736894ba-c12a-4b58-8b47-87953e32c880', '352f3236-a596-4f5e-99a3-602380d4f985', 'normal', 1) ON CONFLICT ("userId", "cardId", "variant") DO UPDATE SET "quantity" = EXCLUDED."quantity";
INSERT INTO "InventoryItem" ("id", "userId", "cardId", "variant", "quantity") VALUES ('88d4bf29-67c2-43f2-ac83-58c8ee7a62a7', '736894ba-c12a-4b58-8b47-87953e32c880', '04986c88-3645-4a26-9c08-500426412369', 'shiny', 1) ON CONFLICT ("userId", "cardId", "variant") DO UPDATE SET "quantity" = EXCLUDED."quantity";
INSERT INTO "InventoryItem" ("id", "userId", "cardId", "variant", "quantity") VALUES ('28edbcfb-ed48-4239-9ade-44ad0d531907', '736894ba-c12a-4b58-8b47-87953e32c880', '64a00808-be91-4312-b8d4-0f3be11b1805', 'normal', 1) ON CONFLICT ("userId", "cardId", "variant") DO UPDATE SET "quantity" = EXCLUDED."quantity";
INSERT INTO "InventoryItem" ("id", "userId", "cardId", "variant", "quantity") VALUES ('ea272cc3-03bf-40fa-9b25-20b3b9abcfa1', '736894ba-c12a-4b58-8b47-87953e32c880', '858e4888-0274-46fc-a099-d4785443b1a9', 'shiny', 1) ON CONFLICT ("userId", "cardId", "variant") DO UPDATE SET "quantity" = EXCLUDED."quantity";
INSERT INTO "InventoryItem" ("id", "userId", "cardId", "variant", "quantity") VALUES ('c644f515-7e4e-4678-a4a4-b9e2b0ba72ff', '736894ba-c12a-4b58-8b47-87953e32c880', '5b72f5ca-68a8-4a77-99b8-15ac58437aae', 'normal', 1) ON CONFLICT ("userId", "cardId", "variant") DO UPDATE SET "quantity" = EXCLUDED."quantity";
INSERT INTO "InventoryItem" ("id", "userId", "cardId", "variant", "quantity") VALUES ('a4f4d9bc-8a48-4047-bcd3-f4effc110863', '736894ba-c12a-4b58-8b47-87953e32c880', '5f380145-bdec-474d-bc78-73fb3c6fe4c6', 'normal', 1) ON CONFLICT ("userId", "cardId", "variant") DO UPDATE SET "quantity" = EXCLUDED."quantity";
INSERT INTO "InventoryItem" ("id", "userId", "cardId", "variant", "quantity") VALUES ('cdd27bd1-8eca-4635-87b4-d7e8562ec1be', '736894ba-c12a-4b58-8b47-87953e32c880', '31df6364-e73a-4cc1-b61e-6701ff4ad5a3', 'normal', 2) ON CONFLICT ("userId", "cardId", "variant") DO UPDATE SET "quantity" = EXCLUDED."quantity";
INSERT INTO "InventoryItem" ("id", "userId", "cardId", "variant", "quantity") VALUES ('feffe842-3ee9-4ad0-922c-07290ab2fcbd', '736894ba-c12a-4b58-8b47-87953e32c880', '58262642-d55e-4365-b77c-e26eef9a29c1', 'normal', 1) ON CONFLICT ("userId", "cardId", "variant") DO UPDATE SET "quantity" = EXCLUDED."quantity";
INSERT INTO "InventoryItem" ("id", "userId", "cardId", "variant", "quantity") VALUES ('b8ac6bff-0406-440f-90d7-f836b6e52417', '736894ba-c12a-4b58-8b47-87953e32c880', '1d64b6d4-15de-4584-8563-bd50740ce07b', 'holo', 1) ON CONFLICT ("userId", "cardId", "variant") DO UPDATE SET "quantity" = EXCLUDED."quantity";
INSERT INTO "InventoryItem" ("id", "userId", "cardId", "variant", "quantity") VALUES ('30f1bb88-0c80-4b7c-add8-691060968775', '736894ba-c12a-4b58-8b47-87953e32c880', 'a7ce6261-c05b-40e9-8b79-c235830960a8', 'normal', 1) ON CONFLICT ("userId", "cardId", "variant") DO UPDATE SET "quantity" = EXCLUDED."quantity";
INSERT INTO "InventoryItem" ("id", "userId", "cardId", "variant", "quantity") VALUES ('a1f78681-3bd4-469b-8920-253cb01172cf', '736894ba-c12a-4b58-8b47-87953e32c880', 'c855cb28-8018-4030-8aaf-290133c9d228', 'normal', 1) ON CONFLICT ("userId", "cardId", "variant") DO UPDATE SET "quantity" = EXCLUDED."quantity";
INSERT INTO "InventoryItem" ("id", "userId", "cardId", "variant", "quantity") VALUES ('4581a4f2-85ad-4694-bc4b-d31175c21e06', '736894ba-c12a-4b58-8b47-87953e32c880', '11ae39dc-1d58-4cfe-9919-be35e4c983dd', 'normal', 1) ON CONFLICT ("userId", "cardId", "variant") DO UPDATE SET "quantity" = EXCLUDED."quantity";
INSERT INTO "InventoryItem" ("id", "userId", "cardId", "variant", "quantity") VALUES ('e6bcd29f-e2f1-4b9e-a455-08210655d7fe', '736894ba-c12a-4b58-8b47-87953e32c880', 'eedaf1a3-3b6a-4244-ac13-a1c43c34d0bd', 'holo', 1) ON CONFLICT ("userId", "cardId", "variant") DO UPDATE SET "quantity" = EXCLUDED."quantity";
INSERT INTO "InventoryItem" ("id", "userId", "cardId", "variant", "quantity") VALUES ('5e2c4522-4c31-4c81-ae5d-bd835e27f30c', '736894ba-c12a-4b58-8b47-87953e32c880', 'a1179565-958d-4421-93c0-27cf2e98fb8b', 'shiny', 1) ON CONFLICT ("userId", "cardId", "variant") DO UPDATE SET "quantity" = EXCLUDED."quantity";
INSERT INTO "InventoryItem" ("id", "userId", "cardId", "variant", "quantity") VALUES ('5e4a756f-eee4-4a67-8ec2-933394949c3b', '736894ba-c12a-4b58-8b47-87953e32c880', '97227b7e-1f17-4c81-bdbe-de5cbad65f7c', 'normal', 1) ON CONFLICT ("userId", "cardId", "variant") DO UPDATE SET "quantity" = EXCLUDED."quantity";
INSERT INTO "InventoryItem" ("id", "userId", "cardId", "variant", "quantity") VALUES ('6b9ac394-2a46-466e-b51e-bef122d61180', '736894ba-c12a-4b58-8b47-87953e32c880', 'f29e18b4-8341-4df8-848b-93a6fcec07cb', 'normal', 1) ON CONFLICT ("userId", "cardId", "variant") DO UPDATE SET "quantity" = EXCLUDED."quantity";
INSERT INTO "InventoryItem" ("id", "userId", "cardId", "variant", "quantity") VALUES ('057c483e-c4d6-4d9b-826b-85b826ab8170', '736894ba-c12a-4b58-8b47-87953e32c880', '5e366396-86ef-4231-b759-9d44b196fe25', 'holo', 1) ON CONFLICT ("userId", "cardId", "variant") DO UPDATE SET "quantity" = EXCLUDED."quantity";
INSERT INTO "InventoryItem" ("id", "userId", "cardId", "variant", "quantity") VALUES ('10ee6721-ddb0-4c3f-a229-4fe3e7e7484d', '736894ba-c12a-4b58-8b47-87953e32c880', 'cb190e4d-ad36-4c84-bcbd-b8f2e5361e1b', 'shiny', 1) ON CONFLICT ("userId", "cardId", "variant") DO UPDATE SET "quantity" = EXCLUDED."quantity";
INSERT INTO "InventoryItem" ("id", "userId", "cardId", "variant", "quantity") VALUES ('6e108d14-e256-4b35-8ef0-fa95cc749bce', '736894ba-c12a-4b58-8b47-87953e32c880', 'b3f17471-063d-46f5-88fd-9db436f83566', 'normal', 1) ON CONFLICT ("userId", "cardId", "variant") DO UPDATE SET "quantity" = EXCLUDED."quantity";
INSERT INTO "InventoryItem" ("id", "userId", "cardId", "variant", "quantity") VALUES ('15fb51bb-e91e-429d-94cc-3f34a06a91d8', '736894ba-c12a-4b58-8b47-87953e32c880', '147226ab-8d6e-49ab-a905-635dd18de7b4', 'normal', 1) ON CONFLICT ("userId", "cardId", "variant") DO UPDATE SET "quantity" = EXCLUDED."quantity";
INSERT INTO "InventoryItem" ("id", "userId", "cardId", "variant", "quantity") VALUES ('8836b72d-984d-4888-86c8-456707695fc5', '736894ba-c12a-4b58-8b47-87953e32c880', 'c7a0bb4d-2e7b-47a6-be05-b3cd88229e0a', 'normal', 1) ON CONFLICT ("userId", "cardId", "variant") DO UPDATE SET "quantity" = EXCLUDED."quantity";
INSERT INTO "InventoryItem" ("id", "userId", "cardId", "variant", "quantity") VALUES ('7f72eec7-4d2a-4e35-baee-3fb4e11812ce', '736894ba-c12a-4b58-8b47-87953e32c880', '16da84e6-de35-4355-a1f6-69b3abb55287', 'normal', 1) ON CONFLICT ("userId", "cardId", "variant") DO UPDATE SET "quantity" = EXCLUDED."quantity";
INSERT INTO "InventoryItem" ("id", "userId", "cardId", "variant", "quantity") VALUES ('cca194b4-c3b7-4e37-881f-7d2757df83a3', '736894ba-c12a-4b58-8b47-87953e32c880', 'b1323ed9-cd79-4dc0-bd5c-2bdf15748aa7', 'normal', 1) ON CONFLICT ("userId", "cardId", "variant") DO UPDATE SET "quantity" = EXCLUDED."quantity";
INSERT INTO "InventoryItem" ("id", "userId", "cardId", "variant", "quantity") VALUES ('bec43d8f-731e-40d9-8afa-705460184040', '736894ba-c12a-4b58-8b47-87953e32c880', '22f43bb7-ccd2-4918-b447-a38e0998da78', 'normal', 1) ON CONFLICT ("userId", "cardId", "variant") DO UPDATE SET "quantity" = EXCLUDED."quantity";
INSERT INTO "InventoryItem" ("id", "userId", "cardId", "variant", "quantity") VALUES ('7c3399c4-4d27-4e08-95ea-01e61e300b81', '736894ba-c12a-4b58-8b47-87953e32c880', '0ecf006b-2b6d-4f7b-a814-a899700a860e', 'normal', 1) ON CONFLICT ("userId", "cardId", "variant") DO UPDATE SET "quantity" = EXCLUDED."quantity";
INSERT INTO "InventoryItem" ("id", "userId", "cardId", "variant", "quantity") VALUES ('1b26a8d8-9f0b-4991-803f-f13e4fad4759', '736894ba-c12a-4b58-8b47-87953e32c880', 'a1229b93-c6eb-4cad-8418-8df9042ca5c5', 'normal', 1) ON CONFLICT ("userId", "cardId", "variant") DO UPDATE SET "quantity" = EXCLUDED."quantity";
INSERT INTO "InventoryItem" ("id", "userId", "cardId", "variant", "quantity") VALUES ('53b640d4-31fc-4eb5-b331-5f2424fed721', '736894ba-c12a-4b58-8b47-87953e32c880', 'dad3db6e-e1b5-4093-84e1-d7b420bd3e04', 'normal', 1) ON CONFLICT ("userId", "cardId", "variant") DO UPDATE SET "quantity" = EXCLUDED."quantity";
INSERT INTO "InventoryItem" ("id", "userId", "cardId", "variant", "quantity") VALUES ('b0b2b88a-4c09-47e1-8732-5bfb99a0f14a', '736894ba-c12a-4b58-8b47-87953e32c880', '5e366396-86ef-4231-b759-9d44b196fe25', 'normal', 1) ON CONFLICT ("userId", "cardId", "variant") DO UPDATE SET "quantity" = EXCLUDED."quantity";
INSERT INTO "InventoryItem" ("id", "userId", "cardId", "variant", "quantity") VALUES ('e6ebd31e-db93-447c-a30f-4c7ed02183e0', '736894ba-c12a-4b58-8b47-87953e32c880', 'dd5da52e-b3b6-4c06-a9ee-a07fd4da89b4', 'shiny', 1) ON CONFLICT ("userId", "cardId", "variant") DO UPDATE SET "quantity" = EXCLUDED."quantity";
INSERT INTO "InventoryItem" ("id", "userId", "cardId", "variant", "quantity") VALUES ('da4cc17e-423b-405a-b90f-7bdc6f06c9a9', '736894ba-c12a-4b58-8b47-87953e32c880', 'eaa10fb6-a479-4cd6-93f9-48d1b53a0aa8', 'normal', 1) ON CONFLICT ("userId", "cardId", "variant") DO UPDATE SET "quantity" = EXCLUDED."quantity";
INSERT INTO "InventoryItem" ("id", "userId", "cardId", "variant", "quantity") VALUES ('3721ef11-e669-4b14-99b5-cbad6a17ae17', '736894ba-c12a-4b58-8b47-87953e32c880', 'c5552bca-6fdd-484f-856a-55cbb6d7be46', 'normal', 1) ON CONFLICT ("userId", "cardId", "variant") DO UPDATE SET "quantity" = EXCLUDED."quantity";
INSERT INTO "InventoryItem" ("id", "userId", "cardId", "variant", "quantity") VALUES ('2e886054-989c-473e-b3c4-f3e15b09ecac', '736894ba-c12a-4b58-8b47-87953e32c880', 'f223563e-193c-41ba-a65f-f4ad53cc7cbd', 'normal', 1) ON CONFLICT ("userId", "cardId", "variant") DO UPDATE SET "quantity" = EXCLUDED."quantity";
INSERT INTO "InventoryItem" ("id", "userId", "cardId", "variant", "quantity") VALUES ('de5afa59-6c85-4568-8f26-efb9727391d0', '736894ba-c12a-4b58-8b47-87953e32c880', '4e3c3489-7425-4696-94f7-eedcabec7c29', 'normal', 1) ON CONFLICT ("userId", "cardId", "variant") DO UPDATE SET "quantity" = EXCLUDED."quantity";
INSERT INTO "InventoryItem" ("id", "userId", "cardId", "variant", "quantity") VALUES ('acf053f7-a8e4-4f64-bb9f-e596f9fc0cb9', '736894ba-c12a-4b58-8b47-87953e32c880', 'bdd5067d-5969-42eb-9de2-eb6f73240da9', 'shiny', 1) ON CONFLICT ("userId", "cardId", "variant") DO UPDATE SET "quantity" = EXCLUDED."quantity";
INSERT INTO "InventoryItem" ("id", "userId", "cardId", "variant", "quantity") VALUES ('d5546530-ccb1-454b-b28b-602928a93123', '736894ba-c12a-4b58-8b47-87953e32c880', '568b3f69-2f3a-478d-8682-cc67d084459d', 'normal', 1) ON CONFLICT ("userId", "cardId", "variant") DO UPDATE SET "quantity" = EXCLUDED."quantity";
INSERT INTO "InventoryItem" ("id", "userId", "cardId", "variant", "quantity") VALUES ('0d09d12b-852b-46e5-a710-f396390f2e6c', '736894ba-c12a-4b58-8b47-87953e32c880', 'd55727b5-ae1d-4a07-939f-caf7c6c835e9', 'normal', 1) ON CONFLICT ("userId", "cardId", "variant") DO UPDATE SET "quantity" = EXCLUDED."quantity";
INSERT INTO "InventoryItem" ("id", "userId", "cardId", "variant", "quantity") VALUES ('e0176359-56a5-479f-8d36-5cd12338f938', '736894ba-c12a-4b58-8b47-87953e32c880', '129cb153-7a53-4c25-99e3-321095ef9f82', 'normal', 1) ON CONFLICT ("userId", "cardId", "variant") DO UPDATE SET "quantity" = EXCLUDED."quantity";
INSERT INTO "InventoryItem" ("id", "userId", "cardId", "variant", "quantity") VALUES ('df4e2fd6-a73c-4384-a814-51424a535e0d', '736894ba-c12a-4b58-8b47-87953e32c880', 'a213fdd9-483d-4e5d-9c5b-4270486958ac', 'normal', 1) ON CONFLICT ("userId", "cardId", "variant") DO UPDATE SET "quantity" = EXCLUDED."quantity";
INSERT INTO "InventoryItem" ("id", "userId", "cardId", "variant", "quantity") VALUES ('f369afeb-9636-4328-a7c8-632661c110c0', '736894ba-c12a-4b58-8b47-87953e32c880', '78d44e24-9b31-431c-8987-a577561afad8', 'normal', 1) ON CONFLICT ("userId", "cardId", "variant") DO UPDATE SET "quantity" = EXCLUDED."quantity";
INSERT INTO "InventoryItem" ("id", "userId", "cardId", "variant", "quantity") VALUES ('6c33a655-5d1c-4160-9fc5-da8d6bc3074d', '736894ba-c12a-4b58-8b47-87953e32c880', 'a3a32c8e-bacd-4544-a8be-c83583473ec8', 'normal', 1) ON CONFLICT ("userId", "cardId", "variant") DO UPDATE SET "quantity" = EXCLUDED."quantity";
INSERT INTO "InventoryItem" ("id", "userId", "cardId", "variant", "quantity") VALUES ('54150996-4048-46a8-8136-16a71a3d2c1e', '736894ba-c12a-4b58-8b47-87953e32c880', '85862304-08d8-4e50-b4a4-f1d6e99b8592', 'normal', 1) ON CONFLICT ("userId", "cardId", "variant") DO UPDATE SET "quantity" = EXCLUDED."quantity";
INSERT INTO "InventoryItem" ("id", "userId", "cardId", "variant", "quantity") VALUES ('adcb3b14-0c64-4cf2-901d-572f31944988', '736894ba-c12a-4b58-8b47-87953e32c880', '8e549093-5934-4f94-a1f0-abe9d6e8f410', 'normal', 1) ON CONFLICT ("userId", "cardId", "variant") DO UPDATE SET "quantity" = EXCLUDED."quantity";
INSERT INTO "InventoryItem" ("id", "userId", "cardId", "variant", "quantity") VALUES ('9900117e-5deb-4dc0-b55e-c68f31e41b95', '736894ba-c12a-4b58-8b47-87953e32c880', 'c78ec81a-2e6b-437c-8010-7699ca7b996e', 'normal', 1) ON CONFLICT ("userId", "cardId", "variant") DO UPDATE SET "quantity" = EXCLUDED."quantity";
INSERT INTO "InventoryItem" ("id", "userId", "cardId", "variant", "quantity") VALUES ('f46c258c-2688-44a0-a45a-ca58024580d8', '736894ba-c12a-4b58-8b47-87953e32c880', '8ddec0cc-8488-4a05-a6c0-a542906a7193', 'normal', 1) ON CONFLICT ("userId", "cardId", "variant") DO UPDATE SET "quantity" = EXCLUDED."quantity";
INSERT INTO "InventoryItem" ("id", "userId", "cardId", "variant", "quantity") VALUES ('104e5485-9033-47f4-84f5-a8e4be384242', '736894ba-c12a-4b58-8b47-87953e32c880', '2957fac7-5eba-42e8-8db5-3d96af9293a2', 'normal', 1) ON CONFLICT ("userId", "cardId", "variant") DO UPDATE SET "quantity" = EXCLUDED."quantity";
INSERT INTO "InventoryItem" ("id", "userId", "cardId", "variant", "quantity") VALUES ('e1b624a3-cf3b-4ff7-8e3e-7f796d19dd9b', '736894ba-c12a-4b58-8b47-87953e32c880', 'ec167f23-e6e9-4743-a917-8ee1afd05955', 'normal', 1) ON CONFLICT ("userId", "cardId", "variant") DO UPDATE SET "quantity" = EXCLUDED."quantity";
INSERT INTO "InventoryItem" ("id", "userId", "cardId", "variant", "quantity") VALUES ('1ac4c717-b63a-4cf9-a49e-9568fa2cfdf2', '736894ba-c12a-4b58-8b47-87953e32c880', '5f393185-850e-49b6-b727-e4735c4f8977', 'shiny', 1) ON CONFLICT ("userId", "cardId", "variant") DO UPDATE SET "quantity" = EXCLUDED."quantity";
INSERT INTO "InventoryItem" ("id", "userId", "cardId", "variant", "quantity") VALUES ('e1e7f706-be22-411f-868a-6def849ab868', '736894ba-c12a-4b58-8b47-87953e32c880', '6cf7eca2-e095-4fe5-88a8-ded3be9e4f51', 'normal', 1) ON CONFLICT ("userId", "cardId", "variant") DO UPDATE SET "quantity" = EXCLUDED."quantity";
INSERT INTO "InventoryItem" ("id", "userId", "cardId", "variant", "quantity") VALUES ('920f8848-aaf1-40b4-9e03-83a61c435569', '736894ba-c12a-4b58-8b47-87953e32c880', 'e012ecc2-9af0-4198-8fd5-8fc3f33956cc', 'normal', 1) ON CONFLICT ("userId", "cardId", "variant") DO UPDATE SET "quantity" = EXCLUDED."quantity";
INSERT INTO "InventoryItem" ("id", "userId", "cardId", "variant", "quantity") VALUES ('81d87636-ac02-45db-8a7a-f7e71c20a583', '736894ba-c12a-4b58-8b47-87953e32c880', 'cd63db45-5bb4-4270-9420-34c0edf01428', 'shiny', 1) ON CONFLICT ("userId", "cardId", "variant") DO UPDATE SET "quantity" = EXCLUDED."quantity";
INSERT INTO "InventoryItem" ("id", "userId", "cardId", "variant", "quantity") VALUES ('89e84871-0741-423a-9590-609182d3e0fb', '736894ba-c12a-4b58-8b47-87953e32c880', '192bb8b3-2eea-424c-aa47-7dd9d19acd05', 'shiny', 1) ON CONFLICT ("userId", "cardId", "variant") DO UPDATE SET "quantity" = EXCLUDED."quantity";
INSERT INTO "InventoryItem" ("id", "userId", "cardId", "variant", "quantity") VALUES ('7696f987-b913-47bb-9797-821af98a03fa', '736894ba-c12a-4b58-8b47-87953e32c880', '84b73102-9725-413a-a1aa-f4b72a313acc', 'normal', 1) ON CONFLICT ("userId", "cardId", "variant") DO UPDATE SET "quantity" = EXCLUDED."quantity";
INSERT INTO "InventoryItem" ("id", "userId", "cardId", "variant", "quantity") VALUES ('414300b8-9b3d-45b6-8913-066404a24967', '736894ba-c12a-4b58-8b47-87953e32c880', '080a2fcf-05ee-4e0f-b97c-59ad235fca40', 'normal', 1) ON CONFLICT ("userId", "cardId", "variant") DO UPDATE SET "quantity" = EXCLUDED."quantity";
INSERT INTO "InventoryItem" ("id", "userId", "cardId", "variant", "quantity") VALUES ('f3b6e5fc-0550-4803-ae20-e878d90ceef3', '736894ba-c12a-4b58-8b47-87953e32c880', '1d69b413-ba0d-4840-844c-e207ec918f7d', 'normal', 1) ON CONFLICT ("userId", "cardId", "variant") DO UPDATE SET "quantity" = EXCLUDED."quantity";
INSERT INTO "InventoryItem" ("id", "userId", "cardId", "variant", "quantity") VALUES ('7283b96c-ec27-4cfb-8ee8-a1debf082a93', '736894ba-c12a-4b58-8b47-87953e32c880', '05f8d008-76c4-42cc-afbc-5138f89c93e4', 'normal', 1) ON CONFLICT ("userId", "cardId", "variant") DO UPDATE SET "quantity" = EXCLUDED."quantity";
INSERT INTO "InventoryItem" ("id", "userId", "cardId", "variant", "quantity") VALUES ('6388ba5e-51db-4bab-bb4a-fb3fa2e2c809', '736894ba-c12a-4b58-8b47-87953e32c880', '1a7b412b-801f-4c61-b7a2-789afd385272', 'holo', 1) ON CONFLICT ("userId", "cardId", "variant") DO UPDATE SET "quantity" = EXCLUDED."quantity";
INSERT INTO "InventoryItem" ("id", "userId", "cardId", "variant", "quantity") VALUES ('a245f8eb-9a95-4a17-b8f8-3e3f4d039f7c', '736894ba-c12a-4b58-8b47-87953e32c880', '698faa14-198b-470b-8cd2-4f29a56430d3', 'holo', 1) ON CONFLICT ("userId", "cardId", "variant") DO UPDATE SET "quantity" = EXCLUDED."quantity";
INSERT INTO "InventoryItem" ("id", "userId", "cardId", "variant", "quantity") VALUES ('996b3cc8-5501-4d31-94a4-5684084d646a', '736894ba-c12a-4b58-8b47-87953e32c880', '9e487306-0488-460a-99d5-889dc49a9ce3', 'normal', 1) ON CONFLICT ("userId", "cardId", "variant") DO UPDATE SET "quantity" = EXCLUDED."quantity";
INSERT INTO "InventoryItem" ("id", "userId", "cardId", "variant", "quantity") VALUES ('d08627bd-f328-4bbc-8a26-847d46f77c31', '736894ba-c12a-4b58-8b47-87953e32c880', 'dfc3b64d-9bce-4995-86e4-93cf806ee71d', 'normal', 1) ON CONFLICT ("userId", "cardId", "variant") DO UPDATE SET "quantity" = EXCLUDED."quantity";
INSERT INTO "InventoryItem" ("id", "userId", "cardId", "variant", "quantity") VALUES ('c45f3554-5575-47b1-8a16-5d53a7a30278', '736894ba-c12a-4b58-8b47-87953e32c880', '00c9fee3-e81a-44aa-9ba9-f93fb0a93ae6', 'normal', 1) ON CONFLICT ("userId", "cardId", "variant") DO UPDATE SET "quantity" = EXCLUDED."quantity";
INSERT INTO "InventoryItem" ("id", "userId", "cardId", "variant", "quantity") VALUES ('4d1586f6-4cb4-4195-9e9a-2e5c9a198fff', '736894ba-c12a-4b58-8b47-87953e32c880', 'f5865c1c-745a-4c65-a0f2-14774711c7ad', 'normal', 1) ON CONFLICT ("userId", "cardId", "variant") DO UPDATE SET "quantity" = EXCLUDED."quantity";
INSERT INTO "InventoryItem" ("id", "userId", "cardId", "variant", "quantity") VALUES ('0efac6fa-089b-45cb-93f6-ecdad41629fe', '736894ba-c12a-4b58-8b47-87953e32c880', '735a238b-81e0-4a52-b9f5-1a0b425f9e5b', 'normal', 1) ON CONFLICT ("userId", "cardId", "variant") DO UPDATE SET "quantity" = EXCLUDED."quantity";
INSERT INTO "InventoryItem" ("id", "userId", "cardId", "variant", "quantity") VALUES ('5a446d9d-eaf2-43d6-a324-35516848ccd6', '736894ba-c12a-4b58-8b47-87953e32c880', '302d9bb8-9e3c-465f-b561-ee4a4ef217b3', 'holo', 1) ON CONFLICT ("userId", "cardId", "variant") DO UPDATE SET "quantity" = EXCLUDED."quantity";
INSERT INTO "InventoryItem" ("id", "userId", "cardId", "variant", "quantity") VALUES ('7e38a7d3-ee10-4910-9822-b5ddcd708b78', '736894ba-c12a-4b58-8b47-87953e32c880', 'd23cc1d3-2ff3-440c-b46e-fd7f3563a8eb', 'normal', 1) ON CONFLICT ("userId", "cardId", "variant") DO UPDATE SET "quantity" = EXCLUDED."quantity";
INSERT INTO "InventoryItem" ("id", "userId", "cardId", "variant", "quantity") VALUES ('dff2c584-f244-4757-a502-1dac3a70703e', '736894ba-c12a-4b58-8b47-87953e32c880', 'f20bf0e7-a3b2-4f96-900d-b1487bb315a1', 'normal', 2) ON CONFLICT ("userId", "cardId", "variant") DO UPDATE SET "quantity" = EXCLUDED."quantity";
INSERT INTO "InventoryItem" ("id", "userId", "cardId", "variant", "quantity") VALUES ('3abec199-5d4b-477b-990e-d4fa85308fe8', '736894ba-c12a-4b58-8b47-87953e32c880', 'e2a99a4e-946f-4761-9c16-403d13e4ef6d', 'normal', 1) ON CONFLICT ("userId", "cardId", "variant") DO UPDATE SET "quantity" = EXCLUDED."quantity";
INSERT INTO "InventoryItem" ("id", "userId", "cardId", "variant", "quantity") VALUES ('5b1de954-17cb-4b28-899e-042486810b3c', '736894ba-c12a-4b58-8b47-87953e32c880', 'acaeff6f-382f-4757-bb49-9007228c3bec', 'normal', 1) ON CONFLICT ("userId", "cardId", "variant") DO UPDATE SET "quantity" = EXCLUDED."quantity";
INSERT INTO "InventoryItem" ("id", "userId", "cardId", "variant", "quantity") VALUES ('719ee5e4-a0f9-4a87-b137-d4be284f5010', '736894ba-c12a-4b58-8b47-87953e32c880', '7bd04347-fefe-4228-9a18-2356915a5a3e', 'normal', 1) ON CONFLICT ("userId", "cardId", "variant") DO UPDATE SET "quantity" = EXCLUDED."quantity";
INSERT INTO "Booster" ("id", "userId", "common", "uncommon", "rare", "veryRare", "import", "exotic", "blackMarket", "limited") VALUES ('3206c264-82df-463b-a25f-ec594b50f257', '736894ba-c12a-4b58-8b47-87953e32c880', 0, 0, 0, 0, 0, 0, 0, 0) ON CONFLICT ("userId") DO UPDATE SET "common" = EXCLUDED."common", "uncommon" = EXCLUDED."uncommon", "rare" = EXCLUDED."rare", "veryRare" = EXCLUDED."veryRare", "import" = EXCLUDED."import", "exotic" = EXCLUDED."exotic", "blackMarket" = EXCLUDED."blackMarket", "limited" = EXCLUDED."limited";
INSERT INTO "UserBooster" ("id", "userId", "boosterType", "quantity") VALUES ('9732675c-b137-4f93-95da-f38466be6f7e', '736894ba-c12a-4b58-8b47-87953e32c880', 'basic', 4) ON CONFLICT ("userId", "boosterType") DO UPDATE SET "quantity" = EXCLUDED."quantity";
INSERT INTO "UserBooster" ("id", "userId", "boosterType", "quantity") VALUES ('0222ce17-7ed1-4a47-b0a4-85abca2ad7b2', '736894ba-c12a-4b58-8b47-87953e32c880', 'rare', 0) ON CONFLICT ("userId", "boosterType") DO UPDATE SET "quantity" = EXCLUDED."quantity";
INSERT INTO "UserBooster" ("id", "userId", "boosterType", "quantity") VALUES ('0708f7cc-30b8-4d22-82ae-86bec738ee7a', '736894ba-c12a-4b58-8b47-87953e32c880', 'epic', 0) ON CONFLICT ("userId", "boosterType") DO UPDATE SET "quantity" = EXCLUDED."quantity";
INSERT INTO "UserBooster" ("id", "userId", "boosterType", "quantity") VALUES ('e7023d39-f100-4f0c-9ab3-cb1f2a9cc540', '736894ba-c12a-4b58-8b47-87953e32c880', 'legendary', 1) ON CONFLICT ("userId", "boosterType") DO UPDATE SET "quantity" = EXCLUDED."quantity";
INSERT INTO "FragmentBalance" ("id", "userId", "deckId", "balance") VALUES ('8e8ff2cf-a2cc-4a10-8cf3-8ff2b7b75d68', '736894ba-c12a-4b58-8b47-87953e32c880', NULL, NULL) ON CONFLICT ("userId", "deckId") DO UPDATE SET "balance" = EXCLUDED."balance";

INSERT INTO "User" ("id", "discordId", "username", "avatarUrl", "isAdmin", "level", "xp", "credits", "fragments", "lastManualSpawnAt", "spawnCharges", "lastSpawnChargeRegenAt", "lastDailyRewardAt", "createdAt") VALUES ('b1126b49-63c0-407f-9a78-517df3c795f4', '1420118681375084625', 'marcusghly', 'https://cdn.discordapp.com/avatars/1420118681375084625/b3e9293a9c9a5aa3877ab432bbd6e506.webp', FALSE, 5, 339, 20, 4, NULL, 0, '2026-05-03T14:56:53.257Z', NULL, '2026-05-01T19:01:03.515Z') ON CONFLICT ("id") DO UPDATE SET "username" = EXCLUDED."username", "avatarUrl" = EXCLUDED."avatarUrl", "isAdmin" = EXCLUDED."isAdmin", "level" = EXCLUDED."level", "xp" = EXCLUDED."xp", "credits" = EXCLUDED."credits", "fragments" = EXCLUDED."fragments", "spawnCharges" = EXCLUDED."spawnCharges";
INSERT INTO "InventoryItem" ("id", "userId", "cardId", "variant", "quantity") VALUES ('40251338-b35c-4fbf-8991-554c7b4cd809', 'b1126b49-63c0-407f-9a78-517df3c795f4', 'f83a4ffa-1e71-4053-9765-6817b60d4a53', 'normal', 1) ON CONFLICT ("userId", "cardId", "variant") DO UPDATE SET "quantity" = EXCLUDED."quantity";
INSERT INTO "InventoryItem" ("id", "userId", "cardId", "variant", "quantity") VALUES ('38aa73a4-fcf8-4cce-96cf-fd9e81499bc5', 'b1126b49-63c0-407f-9a78-517df3c795f4', '0799ee95-5ea9-468d-8796-c3052a03ac7c', 'normal', 1) ON CONFLICT ("userId", "cardId", "variant") DO UPDATE SET "quantity" = EXCLUDED."quantity";
INSERT INTO "InventoryItem" ("id", "userId", "cardId", "variant", "quantity") VALUES ('1693072a-851c-4b0e-a39d-36d0e2a72329', 'b1126b49-63c0-407f-9a78-517df3c795f4', 'c95ca1ef-4ae0-4df3-b633-176a7c0c390e', 'normal', 1) ON CONFLICT ("userId", "cardId", "variant") DO UPDATE SET "quantity" = EXCLUDED."quantity";
INSERT INTO "InventoryItem" ("id", "userId", "cardId", "variant", "quantity") VALUES ('a7f64f7b-b9f0-4294-8bb5-8798ec396e53', 'b1126b49-63c0-407f-9a78-517df3c795f4', '48525c64-fb01-4f99-a364-9d53e1452468', 'normal', 1) ON CONFLICT ("userId", "cardId", "variant") DO UPDATE SET "quantity" = EXCLUDED."quantity";
INSERT INTO "InventoryItem" ("id", "userId", "cardId", "variant", "quantity") VALUES ('f749647a-8348-4f14-9a6c-1dd1d5ebae2b', 'b1126b49-63c0-407f-9a78-517df3c795f4', '46b52902-081f-4d44-8d75-3715d9c9712f', 'normal', 1) ON CONFLICT ("userId", "cardId", "variant") DO UPDATE SET "quantity" = EXCLUDED."quantity";
INSERT INTO "InventoryItem" ("id", "userId", "cardId", "variant", "quantity") VALUES ('79228800-4ea6-4038-b293-89cc550aea4c', 'b1126b49-63c0-407f-9a78-517df3c795f4', '3d138016-07e6-4600-8ed1-b64e46754e49', 'normal', 1) ON CONFLICT ("userId", "cardId", "variant") DO UPDATE SET "quantity" = EXCLUDED."quantity";
INSERT INTO "InventoryItem" ("id", "userId", "cardId", "variant", "quantity") VALUES ('f4f7310d-0c92-4803-871a-4c1b105457a6', 'b1126b49-63c0-407f-9a78-517df3c795f4', '68132341-dea6-4aab-9acd-9df3b34ef211', 'normal', 1) ON CONFLICT ("userId", "cardId", "variant") DO UPDATE SET "quantity" = EXCLUDED."quantity";
INSERT INTO "InventoryItem" ("id", "userId", "cardId", "variant", "quantity") VALUES ('4e4542c9-2b33-4c94-9de1-bee4a217c888', 'b1126b49-63c0-407f-9a78-517df3c795f4', 'f66c224c-7047-4416-a523-b2919b5e229b', 'normal', 1) ON CONFLICT ("userId", "cardId", "variant") DO UPDATE SET "quantity" = EXCLUDED."quantity";
INSERT INTO "InventoryItem" ("id", "userId", "cardId", "variant", "quantity") VALUES ('4c9420b7-464d-4ca9-83aa-0c3e60131c53', 'b1126b49-63c0-407f-9a78-517df3c795f4', '7be298ae-90fd-4ab7-8975-e9d5997fde78', 'normal', 1) ON CONFLICT ("userId", "cardId", "variant") DO UPDATE SET "quantity" = EXCLUDED."quantity";
INSERT INTO "InventoryItem" ("id", "userId", "cardId", "variant", "quantity") VALUES ('2413deb1-1118-426c-8e1e-9677329a77a0', 'b1126b49-63c0-407f-9a78-517df3c795f4', 'ba23d00c-6512-45a3-b506-caf32a355ca6', 'normal', 1) ON CONFLICT ("userId", "cardId", "variant") DO UPDATE SET "quantity" = EXCLUDED."quantity";
INSERT INTO "InventoryItem" ("id", "userId", "cardId", "variant", "quantity") VALUES ('dc10ecc2-c75c-4bea-a61c-6db3c9b69ead', 'b1126b49-63c0-407f-9a78-517df3c795f4', '2a4359ea-ad93-483b-acc5-f54cb8c9dd9f', 'normal', 1) ON CONFLICT ("userId", "cardId", "variant") DO UPDATE SET "quantity" = EXCLUDED."quantity";
INSERT INTO "InventoryItem" ("id", "userId", "cardId", "variant", "quantity") VALUES ('8ec012b5-54af-4b42-a06d-daecc0c2f975', 'b1126b49-63c0-407f-9a78-517df3c795f4', '59fd836a-a500-4ea8-97a5-b2886754f73b', 'normal', 1) ON CONFLICT ("userId", "cardId", "variant") DO UPDATE SET "quantity" = EXCLUDED."quantity";
INSERT INTO "InventoryItem" ("id", "userId", "cardId", "variant", "quantity") VALUES ('eddbf1f6-e2c6-406a-9eeb-b26839b972d9', 'b1126b49-63c0-407f-9a78-517df3c795f4', '18ddb17d-6326-4a18-9ec3-42ffa609d55b', 'normal', 1) ON CONFLICT ("userId", "cardId", "variant") DO UPDATE SET "quantity" = EXCLUDED."quantity";
INSERT INTO "InventoryItem" ("id", "userId", "cardId", "variant", "quantity") VALUES ('c0fd56d1-56cf-411c-8c57-e907b9502fc5', 'b1126b49-63c0-407f-9a78-517df3c795f4', 'a65054eb-104c-4cef-af08-214be86f1a26', 'normal', 1) ON CONFLICT ("userId", "cardId", "variant") DO UPDATE SET "quantity" = EXCLUDED."quantity";
INSERT INTO "InventoryItem" ("id", "userId", "cardId", "variant", "quantity") VALUES ('a46e19e6-133d-498c-a54f-d659224cd56e', 'b1126b49-63c0-407f-9a78-517df3c795f4', '7d2fcb47-85c6-4a0f-832f-8e9f6180cc37', 'normal', 1) ON CONFLICT ("userId", "cardId", "variant") DO UPDATE SET "quantity" = EXCLUDED."quantity";
INSERT INTO "InventoryItem" ("id", "userId", "cardId", "variant", "quantity") VALUES ('f94a2133-fb63-46ba-a8a0-f7f06589a199', 'b1126b49-63c0-407f-9a78-517df3c795f4', '5f380145-bdec-474d-bc78-73fb3c6fe4c6', 'normal', 1) ON CONFLICT ("userId", "cardId", "variant") DO UPDATE SET "quantity" = EXCLUDED."quantity";
INSERT INTO "InventoryItem" ("id", "userId", "cardId", "variant", "quantity") VALUES ('1f443fc9-c5c2-45c8-bb7d-25b720080ec3', 'b1126b49-63c0-407f-9a78-517df3c795f4', '84d93b24-fe71-481b-bd4e-5610ee31f8db', 'normal', 1) ON CONFLICT ("userId", "cardId", "variant") DO UPDATE SET "quantity" = EXCLUDED."quantity";
INSERT INTO "InventoryItem" ("id", "userId", "cardId", "variant", "quantity") VALUES ('db579359-9fea-4fe7-aecc-5330a1e200e5', 'b1126b49-63c0-407f-9a78-517df3c795f4', 'eb421443-a1ec-4082-9ede-4b85f3fbf710', 'normal', 1) ON CONFLICT ("userId", "cardId", "variant") DO UPDATE SET "quantity" = EXCLUDED."quantity";
INSERT INTO "InventoryItem" ("id", "userId", "cardId", "variant", "quantity") VALUES ('b2e74edb-e964-4103-906e-4747fdd0ec2f', 'b1126b49-63c0-407f-9a78-517df3c795f4', 'd6fd0b56-d4fd-4787-9bb4-5cd1c78f80ca', 'normal', 1) ON CONFLICT ("userId", "cardId", "variant") DO UPDATE SET "quantity" = EXCLUDED."quantity";
INSERT INTO "InventoryItem" ("id", "userId", "cardId", "variant", "quantity") VALUES ('24192ec3-ec06-4eb0-8afb-1e286402eb67', 'b1126b49-63c0-407f-9a78-517df3c795f4', '1209b70a-3e3d-4f20-be4f-b76af7ed4d35', 'normal', 1) ON CONFLICT ("userId", "cardId", "variant") DO UPDATE SET "quantity" = EXCLUDED."quantity";
INSERT INTO "InventoryItem" ("id", "userId", "cardId", "variant", "quantity") VALUES ('bc452991-6a0f-424b-8c88-68c4dcba8901', 'b1126b49-63c0-407f-9a78-517df3c795f4', '0951733b-383f-4bf8-b576-ffada9d2b36c', 'normal', 2) ON CONFLICT ("userId", "cardId", "variant") DO UPDATE SET "quantity" = EXCLUDED."quantity";
INSERT INTO "InventoryItem" ("id", "userId", "cardId", "variant", "quantity") VALUES ('c2b90be0-7010-4891-aaa7-56f749ce4c3c', 'b1126b49-63c0-407f-9a78-517df3c795f4', 'bbf17571-c091-4b22-bb27-e3e7a6bc2935', 'normal', 1) ON CONFLICT ("userId", "cardId", "variant") DO UPDATE SET "quantity" = EXCLUDED."quantity";
INSERT INTO "InventoryItem" ("id", "userId", "cardId", "variant", "quantity") VALUES ('804a8f01-3783-4376-827d-af684eda537a', 'b1126b49-63c0-407f-9a78-517df3c795f4', '48f62aab-5a5b-452a-891a-cb5a107f6e84', 'normal', 1) ON CONFLICT ("userId", "cardId", "variant") DO UPDATE SET "quantity" = EXCLUDED."quantity";
INSERT INTO "InventoryItem" ("id", "userId", "cardId", "variant", "quantity") VALUES ('844ef765-abf1-46a6-a4eb-c54277d0d977', 'b1126b49-63c0-407f-9a78-517df3c795f4', '5f393185-850e-49b6-b727-e4735c4f8977', 'normal', 1) ON CONFLICT ("userId", "cardId", "variant") DO UPDATE SET "quantity" = EXCLUDED."quantity";
INSERT INTO "InventoryItem" ("id", "userId", "cardId", "variant", "quantity") VALUES ('19d02c91-7cae-42f7-a5d6-dd280a413d2a', 'b1126b49-63c0-407f-9a78-517df3c795f4', 'a3d2c67e-17a2-445b-b39b-ece0f2b8fcc2', 'normal', 1) ON CONFLICT ("userId", "cardId", "variant") DO UPDATE SET "quantity" = EXCLUDED."quantity";
INSERT INTO "InventoryItem" ("id", "userId", "cardId", "variant", "quantity") VALUES ('c8033376-7db0-4cbc-a01d-4af153953f0a', 'b1126b49-63c0-407f-9a78-517df3c795f4', 'dd119cc3-06e6-4a3d-80c1-334e96d70342', 'normal', 1) ON CONFLICT ("userId", "cardId", "variant") DO UPDATE SET "quantity" = EXCLUDED."quantity";
INSERT INTO "InventoryItem" ("id", "userId", "cardId", "variant", "quantity") VALUES ('4eb21284-d120-4e98-ab2b-926519e254ca', 'b1126b49-63c0-407f-9a78-517df3c795f4', '902b70d4-04bc-4398-87c9-cf9dd72d6e74', 'normal', 1) ON CONFLICT ("userId", "cardId", "variant") DO UPDATE SET "quantity" = EXCLUDED."quantity";
INSERT INTO "InventoryItem" ("id", "userId", "cardId", "variant", "quantity") VALUES ('72fdef06-9ff0-4924-aef2-d69d71bfc9be', 'b1126b49-63c0-407f-9a78-517df3c795f4', '03c93dc4-a2a4-489e-8de3-b00000f80905', 'normal', 1) ON CONFLICT ("userId", "cardId", "variant") DO UPDATE SET "quantity" = EXCLUDED."quantity";
INSERT INTO "InventoryItem" ("id", "userId", "cardId", "variant", "quantity") VALUES ('0ff18fdd-b13c-47a5-866f-143f76ad016e', 'b1126b49-63c0-407f-9a78-517df3c795f4', '07e6d47b-545c-4114-b303-b536365f8bc1', 'normal', 1) ON CONFLICT ("userId", "cardId", "variant") DO UPDATE SET "quantity" = EXCLUDED."quantity";
INSERT INTO "InventoryItem" ("id", "userId", "cardId", "variant", "quantity") VALUES ('d598ed5f-abbb-4dc1-8898-1196d347d5b7', 'b1126b49-63c0-407f-9a78-517df3c795f4', 'a772509f-8a60-457d-879a-29533780cdfe', 'normal', 1) ON CONFLICT ("userId", "cardId", "variant") DO UPDATE SET "quantity" = EXCLUDED."quantity";
INSERT INTO "InventoryItem" ("id", "userId", "cardId", "variant", "quantity") VALUES ('3edb5fe8-6c39-432b-be44-c52376a00eb0', 'b1126b49-63c0-407f-9a78-517df3c795f4', 'daaab4e9-ac7c-47b3-943b-14de7944aba3', 'normal', 1) ON CONFLICT ("userId", "cardId", "variant") DO UPDATE SET "quantity" = EXCLUDED."quantity";
INSERT INTO "InventoryItem" ("id", "userId", "cardId", "variant", "quantity") VALUES ('9bd0b0e7-e235-4da2-9c9e-336e27d79e50', 'b1126b49-63c0-407f-9a78-517df3c795f4', 'a5d5e309-9d9a-4cb7-9552-154b41ce89fc', 'shiny', 1) ON CONFLICT ("userId", "cardId", "variant") DO UPDATE SET "quantity" = EXCLUDED."quantity";
INSERT INTO "InventoryItem" ("id", "userId", "cardId", "variant", "quantity") VALUES ('c628ea33-8654-4d32-9b38-0c579b87e7f3', 'b1126b49-63c0-407f-9a78-517df3c795f4', '65ebefaf-d0ab-4b3f-90db-2613f8c78653', 'normal', 1) ON CONFLICT ("userId", "cardId", "variant") DO UPDATE SET "quantity" = EXCLUDED."quantity";
INSERT INTO "InventoryItem" ("id", "userId", "cardId", "variant", "quantity") VALUES ('64581f50-04fc-43ed-a4c4-82313695c8c9', 'b1126b49-63c0-407f-9a78-517df3c795f4', '084d140b-2b95-469e-bd26-efc8a58b0c07', 'normal', 1) ON CONFLICT ("userId", "cardId", "variant") DO UPDATE SET "quantity" = EXCLUDED."quantity";
INSERT INTO "InventoryItem" ("id", "userId", "cardId", "variant", "quantity") VALUES ('d8af0bf0-daba-4bf2-b95d-7e730f0d2b71', 'b1126b49-63c0-407f-9a78-517df3c795f4', 'a6bc77b5-1605-4a13-8a54-ab3d0325f8d2', 'normal', 1) ON CONFLICT ("userId", "cardId", "variant") DO UPDATE SET "quantity" = EXCLUDED."quantity";
INSERT INTO "InventoryItem" ("id", "userId", "cardId", "variant", "quantity") VALUES ('66832dbf-fe8d-44e4-9bd3-6c44c4dc0e12', 'b1126b49-63c0-407f-9a78-517df3c795f4', '1143dc54-ed7e-4e00-a013-520a43052ef5', 'normal', 1) ON CONFLICT ("userId", "cardId", "variant") DO UPDATE SET "quantity" = EXCLUDED."quantity";
INSERT INTO "InventoryItem" ("id", "userId", "cardId", "variant", "quantity") VALUES ('cf9c229b-f34c-4d60-86c5-add1419c5133', 'b1126b49-63c0-407f-9a78-517df3c795f4', 'b52ed0a5-c81e-4586-882f-1b99832c6b39', 'normal', 1) ON CONFLICT ("userId", "cardId", "variant") DO UPDATE SET "quantity" = EXCLUDED."quantity";
INSERT INTO "InventoryItem" ("id", "userId", "cardId", "variant", "quantity") VALUES ('e8fc31ac-d47f-434d-addc-596906ff9ce2', 'b1126b49-63c0-407f-9a78-517df3c795f4', 'e0d84592-9eb5-4b1c-a3a9-070f192c3040', 'normal', 1) ON CONFLICT ("userId", "cardId", "variant") DO UPDATE SET "quantity" = EXCLUDED."quantity";
INSERT INTO "InventoryItem" ("id", "userId", "cardId", "variant", "quantity") VALUES ('ab87e09e-8078-459c-ac94-59e9413cf0ea', 'b1126b49-63c0-407f-9a78-517df3c795f4', 'c339e79b-7b9c-4733-802a-6089385048c9', 'normal', 1) ON CONFLICT ("userId", "cardId", "variant") DO UPDATE SET "quantity" = EXCLUDED."quantity";
INSERT INTO "InventoryItem" ("id", "userId", "cardId", "variant", "quantity") VALUES ('66a76018-c3e6-4bc0-95b3-6f3df68a6ff0', 'b1126b49-63c0-407f-9a78-517df3c795f4', '858881f5-8ec2-482d-989b-35da96bb4b5c', 'normal', 1) ON CONFLICT ("userId", "cardId", "variant") DO UPDATE SET "quantity" = EXCLUDED."quantity";
INSERT INTO "InventoryItem" ("id", "userId", "cardId", "variant", "quantity") VALUES ('86abd399-830d-4b6b-ab09-82f79fce836a', 'b1126b49-63c0-407f-9a78-517df3c795f4', '0b1d8170-4dde-4b16-aa31-e6b3603b487e', 'normal', 1) ON CONFLICT ("userId", "cardId", "variant") DO UPDATE SET "quantity" = EXCLUDED."quantity";
INSERT INTO "InventoryItem" ("id", "userId", "cardId", "variant", "quantity") VALUES ('2bb39915-3f37-4c6d-b657-98ea7ea15fb9', 'b1126b49-63c0-407f-9a78-517df3c795f4', 'ccac630c-5f0b-4662-98d1-b97454410cf0', 'normal', 1) ON CONFLICT ("userId", "cardId", "variant") DO UPDATE SET "quantity" = EXCLUDED."quantity";
INSERT INTO "InventoryItem" ("id", "userId", "cardId", "variant", "quantity") VALUES ('21050ce3-f7f1-4434-aa53-42bca7de2e95', 'b1126b49-63c0-407f-9a78-517df3c795f4', '04986c88-3645-4a26-9c08-500426412369', 'normal', 1) ON CONFLICT ("userId", "cardId", "variant") DO UPDATE SET "quantity" = EXCLUDED."quantity";
INSERT INTO "InventoryItem" ("id", "userId", "cardId", "variant", "quantity") VALUES ('f9bb3513-8dbe-4ebf-9334-28db205f8fc9', 'b1126b49-63c0-407f-9a78-517df3c795f4', '3f89feca-7380-403e-8322-5d6dae614f9a', 'normal', 1) ON CONFLICT ("userId", "cardId", "variant") DO UPDATE SET "quantity" = EXCLUDED."quantity";
INSERT INTO "InventoryItem" ("id", "userId", "cardId", "variant", "quantity") VALUES ('7f3cf352-0229-4408-b650-b6ff7a7cf30d', 'b1126b49-63c0-407f-9a78-517df3c795f4', 'd55727b5-ae1d-4a07-939f-caf7c6c835e9', 'normal', 1) ON CONFLICT ("userId", "cardId", "variant") DO UPDATE SET "quantity" = EXCLUDED."quantity";
INSERT INTO "InventoryItem" ("id", "userId", "cardId", "variant", "quantity") VALUES ('70e3de15-ad68-47f7-a645-edba652b4822', 'b1126b49-63c0-407f-9a78-517df3c795f4', '4bdf64ec-106b-4611-ab8a-8da2fe668151', 'normal', 1) ON CONFLICT ("userId", "cardId", "variant") DO UPDATE SET "quantity" = EXCLUDED."quantity";
INSERT INTO "InventoryItem" ("id", "userId", "cardId", "variant", "quantity") VALUES ('e1772b2a-fd1e-4c29-a0e0-6a27e5425947', 'b1126b49-63c0-407f-9a78-517df3c795f4', 'ddbfa6c0-a3a0-456d-829b-49a9e0ed7e88', 'normal', 1) ON CONFLICT ("userId", "cardId", "variant") DO UPDATE SET "quantity" = EXCLUDED."quantity";
INSERT INTO "InventoryItem" ("id", "userId", "cardId", "variant", "quantity") VALUES ('8eb33367-f5d7-426f-b989-1be676fb6094', 'b1126b49-63c0-407f-9a78-517df3c795f4', '0daca82c-3144-42d1-a82f-9eb40389fe02', 'normal', 1) ON CONFLICT ("userId", "cardId", "variant") DO UPDATE SET "quantity" = EXCLUDED."quantity";
INSERT INTO "InventoryItem" ("id", "userId", "cardId", "variant", "quantity") VALUES ('3dcb91dd-b5bd-4eb0-826c-2f93f9b8e23d', 'b1126b49-63c0-407f-9a78-517df3c795f4', '1f3c4c44-ac9e-4e41-8416-4bca67ebf3aa', 'normal', 1) ON CONFLICT ("userId", "cardId", "variant") DO UPDATE SET "quantity" = EXCLUDED."quantity";
INSERT INTO "InventoryItem" ("id", "userId", "cardId", "variant", "quantity") VALUES ('0950c9a3-aec4-4b9d-b232-2cfc1cf19cfa', 'b1126b49-63c0-407f-9a78-517df3c795f4', '2d0edd1a-e6c0-4d5a-bd66-ed2bae1fe583', 'normal', 1) ON CONFLICT ("userId", "cardId", "variant") DO UPDATE SET "quantity" = EXCLUDED."quantity";
INSERT INTO "InventoryItem" ("id", "userId", "cardId", "variant", "quantity") VALUES ('7af36782-1616-4c7e-ad73-54f92582f91e', 'b1126b49-63c0-407f-9a78-517df3c795f4', '22f43bb7-ccd2-4918-b447-a38e0998da78', 'normal', 1) ON CONFLICT ("userId", "cardId", "variant") DO UPDATE SET "quantity" = EXCLUDED."quantity";
INSERT INTO "InventoryItem" ("id", "userId", "cardId", "variant", "quantity") VALUES ('f945ea4d-d876-4836-8bf7-ba95e10f8d64', 'b1126b49-63c0-407f-9a78-517df3c795f4', '64141bd5-6d0f-42af-9830-a57d2eaeb3d7', 'normal', 1) ON CONFLICT ("userId", "cardId", "variant") DO UPDATE SET "quantity" = EXCLUDED."quantity";
INSERT INTO "InventoryItem" ("id", "userId", "cardId", "variant", "quantity") VALUES ('9293fa8e-ee86-4ec9-bf58-f254e313e8d4', 'b1126b49-63c0-407f-9a78-517df3c795f4', '97263309-dc08-4464-b25d-27b614bc24cf', 'normal', 1) ON CONFLICT ("userId", "cardId", "variant") DO UPDATE SET "quantity" = EXCLUDED."quantity";
INSERT INTO "InventoryItem" ("id", "userId", "cardId", "variant", "quantity") VALUES ('5b920249-eb1d-498a-a5d8-cd6529d02443', 'b1126b49-63c0-407f-9a78-517df3c795f4', '12d51d23-ca97-4e73-8201-51df2b271504', 'normal', 1) ON CONFLICT ("userId", "cardId", "variant") DO UPDATE SET "quantity" = EXCLUDED."quantity";
INSERT INTO "InventoryItem" ("id", "userId", "cardId", "variant", "quantity") VALUES ('2575611e-6cab-41a0-a021-2491c0b9006a', 'b1126b49-63c0-407f-9a78-517df3c795f4', 'd5646004-4b4e-4fe6-aa1a-0d1e03e847e7', 'holo', 1) ON CONFLICT ("userId", "cardId", "variant") DO UPDATE SET "quantity" = EXCLUDED."quantity";
INSERT INTO "InventoryItem" ("id", "userId", "cardId", "variant", "quantity") VALUES ('52ce96c8-8798-489f-bea6-046c2ae72aee', 'b1126b49-63c0-407f-9a78-517df3c795f4', '4b951959-13a2-4f5c-ad65-99adf9d6bf4b', 'normal', 1) ON CONFLICT ("userId", "cardId", "variant") DO UPDATE SET "quantity" = EXCLUDED."quantity";
INSERT INTO "InventoryItem" ("id", "userId", "cardId", "variant", "quantity") VALUES ('306c42d4-767f-468e-8334-551106fe21d4', 'b1126b49-63c0-407f-9a78-517df3c795f4', '388304cb-0e2d-451f-937a-3ade28763798', 'normal', 1) ON CONFLICT ("userId", "cardId", "variant") DO UPDATE SET "quantity" = EXCLUDED."quantity";
INSERT INTO "InventoryItem" ("id", "userId", "cardId", "variant", "quantity") VALUES ('1ba2d9a5-25f9-4ecf-aecd-91b8491de2f7', 'b1126b49-63c0-407f-9a78-517df3c795f4', 'a7bfe2e4-4de0-480e-87a5-2d141c1224c8', 'shiny', 1) ON CONFLICT ("userId", "cardId", "variant") DO UPDATE SET "quantity" = EXCLUDED."quantity";
INSERT INTO "InventoryItem" ("id", "userId", "cardId", "variant", "quantity") VALUES ('36782ce6-5d5c-4a1f-b595-1506db1f676a', 'b1126b49-63c0-407f-9a78-517df3c795f4', '61b8bc9d-7d88-48ca-b93e-56c7090a963d', 'normal', 1) ON CONFLICT ("userId", "cardId", "variant") DO UPDATE SET "quantity" = EXCLUDED."quantity";
INSERT INTO "InventoryItem" ("id", "userId", "cardId", "variant", "quantity") VALUES ('8271d8d6-be1c-4894-97de-92d9c51058b5', 'b1126b49-63c0-407f-9a78-517df3c795f4', 'f29e18b4-8341-4df8-848b-93a6fcec07cb', 'normal', 1) ON CONFLICT ("userId", "cardId", "variant") DO UPDATE SET "quantity" = EXCLUDED."quantity";
INSERT INTO "InventoryItem" ("id", "userId", "cardId", "variant", "quantity") VALUES ('784b052f-daae-4002-bed9-80a131c96005', 'b1126b49-63c0-407f-9a78-517df3c795f4', 'e012ecc2-9af0-4198-8fd5-8fc3f33956cc', 'shiny', 1) ON CONFLICT ("userId", "cardId", "variant") DO UPDATE SET "quantity" = EXCLUDED."quantity";
INSERT INTO "InventoryItem" ("id", "userId", "cardId", "variant", "quantity") VALUES ('876eec70-13b9-4748-87b6-909294832551', 'b1126b49-63c0-407f-9a78-517df3c795f4', '444df417-d61c-4757-9dae-d752e3c1a077', 'normal', 1) ON CONFLICT ("userId", "cardId", "variant") DO UPDATE SET "quantity" = EXCLUDED."quantity";
INSERT INTO "InventoryItem" ("id", "userId", "cardId", "variant", "quantity") VALUES ('362a6911-7957-483f-93cf-4b2b48bfab66', 'b1126b49-63c0-407f-9a78-517df3c795f4', '24439bdf-e4af-4d26-9a57-3bfb31ef0e4d', 'normal', 1) ON CONFLICT ("userId", "cardId", "variant") DO UPDATE SET "quantity" = EXCLUDED."quantity";
INSERT INTO "InventoryItem" ("id", "userId", "cardId", "variant", "quantity") VALUES ('5773c299-dea1-4301-9f34-774b5bf14f31', 'b1126b49-63c0-407f-9a78-517df3c795f4', 'fa88e0d4-3843-47ad-a404-c114bb7859b9', 'normal', 1) ON CONFLICT ("userId", "cardId", "variant") DO UPDATE SET "quantity" = EXCLUDED."quantity";
INSERT INTO "InventoryItem" ("id", "userId", "cardId", "variant", "quantity") VALUES ('1aa24a08-d494-4b20-83aa-309cda844c49', 'b1126b49-63c0-407f-9a78-517df3c795f4', '58262642-d55e-4365-b77c-e26eef9a29c1', 'normal', 1) ON CONFLICT ("userId", "cardId", "variant") DO UPDATE SET "quantity" = EXCLUDED."quantity";
INSERT INTO "InventoryItem" ("id", "userId", "cardId", "variant", "quantity") VALUES ('6fbe355e-248c-4555-bbf5-e3416b78d4d5', 'b1126b49-63c0-407f-9a78-517df3c795f4', '18431e36-48fd-49b3-bd86-71cbfd85593c', 'normal', 1) ON CONFLICT ("userId", "cardId", "variant") DO UPDATE SET "quantity" = EXCLUDED."quantity";
INSERT INTO "InventoryItem" ("id", "userId", "cardId", "variant", "quantity") VALUES ('e4207e38-219c-47d5-99b3-34e7f77856c2', 'b1126b49-63c0-407f-9a78-517df3c795f4', '44e0b833-768a-4c19-b9f9-eb27f8a8f100', 'normal', 1) ON CONFLICT ("userId", "cardId", "variant") DO UPDATE SET "quantity" = EXCLUDED."quantity";
INSERT INTO "InventoryItem" ("id", "userId", "cardId", "variant", "quantity") VALUES ('51051ed9-1b86-41b9-989b-e5e27b4b9387', 'b1126b49-63c0-407f-9a78-517df3c795f4', 'ddc39559-4e71-4bdd-8080-2fd048c7a251', 'normal', 1) ON CONFLICT ("userId", "cardId", "variant") DO UPDATE SET "quantity" = EXCLUDED."quantity";
INSERT INTO "InventoryItem" ("id", "userId", "cardId", "variant", "quantity") VALUES ('fcfab75e-2212-4d8d-9416-25b305e99894', 'b1126b49-63c0-407f-9a78-517df3c795f4', '33890599-36bd-476b-af9c-218e643a6f71', 'normal', 1) ON CONFLICT ("userId", "cardId", "variant") DO UPDATE SET "quantity" = EXCLUDED."quantity";
INSERT INTO "InventoryItem" ("id", "userId", "cardId", "variant", "quantity") VALUES ('7f157df3-3282-43f5-b62a-69801968756e', 'b1126b49-63c0-407f-9a78-517df3c795f4', '96da2b35-8c4b-47aa-928c-3f407b00a7ff', 'normal', 1) ON CONFLICT ("userId", "cardId", "variant") DO UPDATE SET "quantity" = EXCLUDED."quantity";
INSERT INTO "InventoryItem" ("id", "userId", "cardId", "variant", "quantity") VALUES ('7d39ff63-354d-4570-8020-35ccd557ba34', 'b1126b49-63c0-407f-9a78-517df3c795f4', '019b8ac7-284f-4a98-b69e-514882cd7847', 'normal', 1) ON CONFLICT ("userId", "cardId", "variant") DO UPDATE SET "quantity" = EXCLUDED."quantity";
INSERT INTO "InventoryItem" ("id", "userId", "cardId", "variant", "quantity") VALUES ('e91b931f-55a7-4e3a-b905-e54c29809ef4', 'b1126b49-63c0-407f-9a78-517df3c795f4', 'a1534d26-2f9b-4538-9f65-b2fea345c5c2', 'shiny', 1) ON CONFLICT ("userId", "cardId", "variant") DO UPDATE SET "quantity" = EXCLUDED."quantity";
INSERT INTO "InventoryItem" ("id", "userId", "cardId", "variant", "quantity") VALUES ('b7b8b0a7-755d-415f-82dd-5ab434826112', 'b1126b49-63c0-407f-9a78-517df3c795f4', '165c2172-d97b-412e-b98d-aef0bef488cf', 'normal', 1) ON CONFLICT ("userId", "cardId", "variant") DO UPDATE SET "quantity" = EXCLUDED."quantity";
INSERT INTO "InventoryItem" ("id", "userId", "cardId", "variant", "quantity") VALUES ('f13b7a14-cefe-468d-9b44-68ac9c5a9732', 'b1126b49-63c0-407f-9a78-517df3c795f4', 'b29deee3-3ea3-4d70-8bb5-25dccb751cf6', 'normal', 1) ON CONFLICT ("userId", "cardId", "variant") DO UPDATE SET "quantity" = EXCLUDED."quantity";
INSERT INTO "InventoryItem" ("id", "userId", "cardId", "variant", "quantity") VALUES ('28c2b11a-9b79-4eb8-a07f-4319f55c3bac', 'b1126b49-63c0-407f-9a78-517df3c795f4', '24f4dfb0-8b3b-4e90-badf-40a2d908def6', 'normal', 1) ON CONFLICT ("userId", "cardId", "variant") DO UPDATE SET "quantity" = EXCLUDED."quantity";
INSERT INTO "InventoryItem" ("id", "userId", "cardId", "variant", "quantity") VALUES ('fe2d20eb-9865-40c0-9055-010be0cdccad', 'b1126b49-63c0-407f-9a78-517df3c795f4', '38f38874-6865-4f50-ba22-22d4546300bd', 'normal', 1) ON CONFLICT ("userId", "cardId", "variant") DO UPDATE SET "quantity" = EXCLUDED."quantity";
INSERT INTO "UserBooster" ("id", "userId", "boosterType", "quantity") VALUES ('e08d2d9a-ed22-4953-b08a-2cdc601049ec', 'b1126b49-63c0-407f-9a78-517df3c795f4', 'basic', 0) ON CONFLICT ("userId", "boosterType") DO UPDATE SET "quantity" = EXCLUDED."quantity";
INSERT INTO "FragmentBalance" ("id", "userId", "deckId", "balance") VALUES ('f0dc339a-cfa8-45fa-85e7-b06a9b76bf50', 'b1126b49-63c0-407f-9a78-517df3c795f4', NULL, NULL) ON CONFLICT ("userId", "deckId") DO UPDATE SET "balance" = EXCLUDED."balance";

INSERT INTO "User" ("id", "discordId", "username", "avatarUrl", "isAdmin", "level", "xp", "credits", "fragments", "lastManualSpawnAt", "spawnCharges", "lastSpawnChargeRegenAt", "lastDailyRewardAt", "createdAt") VALUES ('3d4f9633-d7ea-4b1e-8eac-2c392b086992', '1351170539313696771', 'legranddaniel6001', 'https://cdn.discordapp.com/avatars/1351170539313696771/23675ff9914ec3808fa817f7db7278a6.webp', FALSE, 1, 0, 0, 0, NULL, 4, NULL, NULL, '2026-05-01T22:37:45.707Z') ON CONFLICT ("id") DO UPDATE SET "username" = EXCLUDED."username", "avatarUrl" = EXCLUDED."avatarUrl", "isAdmin" = EXCLUDED."isAdmin", "level" = EXCLUDED."level", "xp" = EXCLUDED."xp", "credits" = EXCLUDED."credits", "fragments" = EXCLUDED."fragments", "spawnCharges" = EXCLUDED."spawnCharges";

INSERT INTO "User" ("id", "discordId", "username", "avatarUrl", "isAdmin", "level", "xp", "credits", "fragments", "lastManualSpawnAt", "spawnCharges", "lastSpawnChargeRegenAt", "lastDailyRewardAt", "createdAt") VALUES ('f6b232ac-fa27-43e0-bc62-a1af754b2427', '1184214799769407518', 'enosyl13', 'https://cdn.discordapp.com/avatars/1184214799769407518/89bb0a208bda91b6d3e50e6cd31a4b26.webp', FALSE, 1, 20, 98, 0, NULL, 4, NULL, '2026-05-02T14:13:40.433Z', '2026-05-02T14:02:12.312Z') ON CONFLICT ("id") DO UPDATE SET "username" = EXCLUDED."username", "avatarUrl" = EXCLUDED."avatarUrl", "isAdmin" = EXCLUDED."isAdmin", "level" = EXCLUDED."level", "xp" = EXCLUDED."xp", "credits" = EXCLUDED."credits", "fragments" = EXCLUDED."fragments", "spawnCharges" = EXCLUDED."spawnCharges";
INSERT INTO "InventoryItem" ("id", "userId", "cardId", "variant", "quantity") VALUES ('8474010e-3fd5-453a-a252-709a5c4fcc96', 'f6b232ac-fa27-43e0-bc62-a1af754b2427', '372a26f9-c1d8-4beb-a3f5-1ac12bfc792d', 'normal', 1) ON CONFLICT ("userId", "cardId", "variant") DO UPDATE SET "quantity" = EXCLUDED."quantity";
INSERT INTO "InventoryItem" ("id", "userId", "cardId", "variant", "quantity") VALUES ('0e6b5864-b3b0-4024-991b-0a20bc060353', 'f6b232ac-fa27-43e0-bc62-a1af754b2427', 'b4899b45-64e9-4914-9eb9-4bdbf85ddedd', 'normal', 1) ON CONFLICT ("userId", "cardId", "variant") DO UPDATE SET "quantity" = EXCLUDED."quantity";

INSERT INTO "User" ("id", "discordId", "username", "avatarUrl", "isAdmin", "level", "xp", "credits", "fragments", "lastManualSpawnAt", "spawnCharges", "lastSpawnChargeRegenAt", "lastDailyRewardAt", "createdAt") VALUES ('457dccc2-ed5b-4bee-8427-1ff36cd8a908', '1036734317419839628', 'asphalion_yuzuki', 'https://cdn.discordapp.com/avatars/1036734317419839628/ac0a5f0002397e61afe332c6bbcc447a.webp', FALSE, 2, 110, 0, 0, NULL, 3, '2026-05-03T13:03:49.439Z', NULL, '2026-05-02T20:36:06.208Z') ON CONFLICT ("id") DO UPDATE SET "username" = EXCLUDED."username", "avatarUrl" = EXCLUDED."avatarUrl", "isAdmin" = EXCLUDED."isAdmin", "level" = EXCLUDED."level", "xp" = EXCLUDED."xp", "credits" = EXCLUDED."credits", "fragments" = EXCLUDED."fragments", "spawnCharges" = EXCLUDED."spawnCharges";
INSERT INTO "InventoryItem" ("id", "userId", "cardId", "variant", "quantity") VALUES ('1c732f2f-3f43-41fb-813d-418ae6091062', '457dccc2-ed5b-4bee-8427-1ff36cd8a908', '7267c940-ff9d-455c-b081-74112353aabb', 'normal', 1) ON CONFLICT ("userId", "cardId", "variant") DO UPDATE SET "quantity" = EXCLUDED."quantity";
INSERT INTO "InventoryItem" ("id", "userId", "cardId", "variant", "quantity") VALUES ('4421de98-c06b-4fb9-8ffb-221ddf61264f', '457dccc2-ed5b-4bee-8427-1ff36cd8a908', '835763c0-aec7-4ac2-a827-fe614725288f', 'normal', 1) ON CONFLICT ("userId", "cardId", "variant") DO UPDATE SET "quantity" = EXCLUDED."quantity";
INSERT INTO "InventoryItem" ("id", "userId", "cardId", "variant", "quantity") VALUES ('1461e09e-d2a0-4c29-a80f-d3df91acbf2e', '457dccc2-ed5b-4bee-8427-1ff36cd8a908', '5df1c8c2-c711-4210-a84f-6cd03187aca3', 'normal', 1) ON CONFLICT ("userId", "cardId", "variant") DO UPDATE SET "quantity" = EXCLUDED."quantity";
INSERT INTO "InventoryItem" ("id", "userId", "cardId", "variant", "quantity") VALUES ('9a2b41bf-b08a-4990-a69c-c614d22924a5', '457dccc2-ed5b-4bee-8427-1ff36cd8a908', 'dad3db6e-e1b5-4093-84e1-d7b420bd3e04', 'normal', 1) ON CONFLICT ("userId", "cardId", "variant") DO UPDATE SET "quantity" = EXCLUDED."quantity";
INSERT INTO "InventoryItem" ("id", "userId", "cardId", "variant", "quantity") VALUES ('3ab0776e-6f16-4f65-9fc8-47a050f4ae9b', '457dccc2-ed5b-4bee-8427-1ff36cd8a908', '7fa0d956-c73d-4e2c-a84c-472c649905ad', 'normal', 1) ON CONFLICT ("userId", "cardId", "variant") DO UPDATE SET "quantity" = EXCLUDED."quantity";
INSERT INTO "InventoryItem" ("id", "userId", "cardId", "variant", "quantity") VALUES ('d832d21b-9135-44b4-bc8c-626cd114e718', '457dccc2-ed5b-4bee-8427-1ff36cd8a908', 'ba4739d5-7318-489e-b4dd-2c0505d0090f', 'normal', 1) ON CONFLICT ("userId", "cardId", "variant") DO UPDATE SET "quantity" = EXCLUDED."quantity";
INSERT INTO "InventoryItem" ("id", "userId", "cardId", "variant", "quantity") VALUES ('f56f7eb8-6b19-4a87-8d9c-687306aca2cd', '457dccc2-ed5b-4bee-8427-1ff36cd8a908', 'b6be7bfc-a916-40d1-b2ab-8389fa9a0654', 'normal', 1) ON CONFLICT ("userId", "cardId", "variant") DO UPDATE SET "quantity" = EXCLUDED."quantity";
INSERT INTO "InventoryItem" ("id", "userId", "cardId", "variant", "quantity") VALUES ('0e7ec52f-bd42-4aa8-a064-9e5c745060b6', '457dccc2-ed5b-4bee-8427-1ff36cd8a908', 'ad918f1a-5015-4c53-9e0b-1b0348435118', 'normal', 1) ON CONFLICT ("userId", "cardId", "variant") DO UPDATE SET "quantity" = EXCLUDED."quantity";
INSERT INTO "InventoryItem" ("id", "userId", "cardId", "variant", "quantity") VALUES ('db40b1b5-c1d4-490f-82b3-e4626de60bf2', '457dccc2-ed5b-4bee-8427-1ff36cd8a908', '9ead20c3-d9b3-4de3-baec-ec75d17b415a', 'normal', 1) ON CONFLICT ("userId", "cardId", "variant") DO UPDATE SET "quantity" = EXCLUDED."quantity";
INSERT INTO "InventoryItem" ("id", "userId", "cardId", "variant", "quantity") VALUES ('174c6448-d899-4cb4-a07a-65f8c47f188f', '457dccc2-ed5b-4bee-8427-1ff36cd8a908', 'eec52560-bdf0-4885-9b97-4c939eceddc7', 'normal', 1) ON CONFLICT ("userId", "cardId", "variant") DO UPDATE SET "quantity" = EXCLUDED."quantity";
INSERT INTO "UserBooster" ("id", "userId", "boosterType", "quantity") VALUES ('bc4e261e-8d23-4bdf-9883-c2ad773df5b9', '457dccc2-ed5b-4bee-8427-1ff36cd8a908', 'basic', 0) ON CONFLICT ("userId", "boosterType") DO UPDATE SET "quantity" = EXCLUDED."quantity";

INSERT INTO "User" ("id", "discordId", "username", "avatarUrl", "isAdmin", "level", "xp", "credits", "fragments", "lastManualSpawnAt", "spawnCharges", "lastSpawnChargeRegenAt", "lastDailyRewardAt", "createdAt") VALUES ('02b302e0-d1c4-4bc3-a8f1-881e936aa7b8', '1455679997866938569', 'karrma45', 'https://cdn.discordapp.com/avatars/1455679997866938569/a74471a1af29cf00ff411dbee56d6310.webp', FALSE, 1, 40, 0, 0, NULL, 3, '2026-05-03T13:09:53.247Z', NULL, '2026-05-03T04:39:27.860Z') ON CONFLICT ("id") DO UPDATE SET "username" = EXCLUDED."username", "avatarUrl" = EXCLUDED."avatarUrl", "isAdmin" = EXCLUDED."isAdmin", "level" = EXCLUDED."level", "xp" = EXCLUDED."xp", "credits" = EXCLUDED."credits", "fragments" = EXCLUDED."fragments", "spawnCharges" = EXCLUDED."spawnCharges";
INSERT INTO "InventoryItem" ("id", "userId", "cardId", "variant", "quantity") VALUES ('343414a7-bbad-4886-ac64-a11c36a0ec17', '02b302e0-d1c4-4bc3-a8f1-881e936aa7b8', 'cb552adb-13f4-4b3c-8c18-324cbb0eac9c', 'normal', 1) ON CONFLICT ("userId", "cardId", "variant") DO UPDATE SET "quantity" = EXCLUDED."quantity";
INSERT INTO "InventoryItem" ("id", "userId", "cardId", "variant", "quantity") VALUES ('8dfac5ed-d9d7-4f00-b852-e060dc0837d5', '02b302e0-d1c4-4bc3-a8f1-881e936aa7b8', 'e7a0c0a2-5969-495b-ae55-25d8775d150d', 'shiny', 1) ON CONFLICT ("userId", "cardId", "variant") DO UPDATE SET "quantity" = EXCLUDED."quantity";

INSERT INTO "User" ("id", "discordId", "username", "avatarUrl", "isAdmin", "level", "xp", "credits", "fragments", "lastManualSpawnAt", "spawnCharges", "lastSpawnChargeRegenAt", "lastDailyRewardAt", "createdAt") VALUES ('bc19bfaf-ff36-433f-af29-92242849b602', '1229445957691772932', 'skewstony', 'https://cdn.discordapp.com/avatars/1229445957691772932/6c5996770c985bcd6e5b68131ff2ba04.webp', FALSE, 1, 0, 0, 0, NULL, 4, NULL, NULL, '2026-05-03T10:18:47.923Z') ON CONFLICT ("id") DO UPDATE SET "username" = EXCLUDED."username", "avatarUrl" = EXCLUDED."avatarUrl", "isAdmin" = EXCLUDED."isAdmin", "level" = EXCLUDED."level", "xp" = EXCLUDED."xp", "credits" = EXCLUDED."credits", "fragments" = EXCLUDED."fragments", "spawnCharges" = EXCLUDED."spawnCharges";

COMMIT;